[0.000000] (-) TimerEvent: {}
[0.000381] (-) JobUnselected: {'identifier': 'hello_ros2'}
[0.000427] (sllidar_ros2) JobQueued: {'identifier': 'sllidar_ros2', 'dependencies': OrderedDict()}
[0.001260] (sllidar_ros2) JobStarted: {'identifier': 'sllidar_ros2'}
[0.010231] (sllidar_ros2) JobProgress: {'identifier': 'sllidar_ros2', 'progress': 'cmake'}
[0.011000] (sllidar_ros2) Command: {'cmd': ['/usr/bin/cmake', '/home/glance/ros2_ws/src/sllidar_ros2', '-DCMAKE_INSTALL_PREFIX=/home/glance/ros2_ws/install/sllidar_ros2'], 'cwd': '/home/glance/ros2_ws/build/sllidar_ros2', 'env': OrderedDict([('LESSOPEN', '| /usr/bin/lesspipe %s'), ('USER', 'glance'), ('GIT_ASKPASS', '/home/glance/.vscode-server/bin/07f806f999227108933c2e30515b26eecc1fda74/extensions/git/dist/askpass.sh'), ('SHLVL', '1'), ('LD_LIBRARY_PATH', '/opt/ros/humble/opt/rviz_ogre_vendor/lib:/opt/ros/humble/lib/x86_64-linux-gnu:/opt/ros/humble/lib'), ('HOME', '/home/glance'), ('OLDPWD', '/home/glance/ros2_ws/src/sllidar_ros2'), ('TERM_PROGRAM_VERSION', '1.140.0'), ('VSCODE_IPC_HOOK_CLI', '/run/user/1000/vscode-ipc-f8044283-767e-4c49-adf3-054e35b6c833.sock'), ('ROS_PYTHON_VERSION', '3'), ('VSCODE_GIT_ASKPASS_MAIN', '/home/glance/.vscode-server/bin/07f806f999227108933c2e30515b26eecc1fda74/extensions/git/dist/askpass-main.js'), ('VSCODE_GIT_ASKPASS_NODE', '/home/glance/.vscode-server/bin/07f806f999227108933c2e30515b26eecc1fda74/node'), ('VSCODE_PYTHON_AUTOACTIVATE_GUARD', '1'), ('DBUS_SESSION_BUS_ADDRESS', 'unix:path=/run/user/1000/bus'), ('COLORTERM', 'truecolor'), ('WSL_DISTRO_NAME', 'Ubuntu-22.04'), ('WAYLAND_DISPLAY', 'wayland-0'), ('ROS_DISTRO', 'humble'), ('LOGNAME', 'glance'), ('NAME', 'LAPTOP-DBED9HEM'), ('WSL_INTEROP', '/run/WSL/461_interop'), ('PULSE_SERVER', 'unix:/mnt/wslg/PulseServer'), ('_', '/usr/bin/colcon'), ('ROS_VERSION', '2'), ('CLAUDE_CODE_SSE_PORT', '28272'), ('TERM', 'xterm-256color'), ('ROS_LOCALHOST_ONLY', '0'), ('PATH', '/home/glance/.vscode-server/data/User/globalStorage/github.copilot-chat/debugCommand:/home/glance/.vscode-server/data/User/globalStorage/github.copilot-chat/copilotCli:/home/glance/.vscode-server/bin/07f806f999227108933c2e30515b26eecc1fda74/bin/remote-cli:/opt/ros/humble/bin:/usr/local/sbin:/usr/local/bin:/usr/sbin:/usr/bin:/sbin:/bin:/usr/games:/usr/local/games:/usr/lib/wsl/lib:/mnt/c/Program Files (x86)/NVIDIA Corporation/PhysX/Common:/mnt/c/Windows/system32:/mnt/c/Windows:/mnt/c/Windows/System32/Wbem:/mnt/c/Windows/System32/WindowsPowerShell/v1.0/:/mnt/c/Windows/System32/OpenSSH/:/mnt/c/Windows/system32:/mnt/c/Program Files/NVIDIA Corporation/NVIDIA App/NvDLISR:/mnt/c/Program Files/dotnet/:/mnt/c/Program Files/Bandizip/:/mnt/c/Program Files/Microsoft SQL Server/Client SDK/ODBC/170/Tools/Binn/:/mnt/c/Program Files (x86)/Microsoft SQL Server/150/Tools/Binn/:/mnt/c/Program Files/Microsoft SQL Server/150/Tools/Binn/:/mnt/c/Program Files/Microsoft SQL Server/150/DTS/Binn/:/mnt/c/Program Files (x86)/Windows Kits/8.1/Windows Performance Toolkit/:/mnt/d/Program Files/MATLAB/R2022b/runtime/win64:/mnt/d/Program Files/MATLAB/R2022b/bin:/mnt/d/Git/cmd:/mnt/d/w64devkit/bin:/mnt/c/Program Files/GitHub CLI/:/mnt/c/Program Files/nodejs/:/mnt/c/Users/glance/AppData/Local/Programs/Python/Python312:/mnt/c/Users/glance/AppData/Local/Programs/Python/Python312/Scripts:/mnt/c/Users/glance/AppData/Local/Programs/Python/Launcher/:/mnt/c/Users/glance/.local/bin:/mnt/c/Users/glance/AppData/Local/Microsoft/WindowsApps:/mnt/d/Microsoft VS Code/bin:/mnt/c/Users/glance/AppData/Roaming/npm:/mnt/c/Users/glance/AppData/Local/Programs/DockerDesktop/resources/bin:/mnt/c/Users/glance/AppData/Local/Programs/Antigravity IDE/bin:/snap/bin'), ('XDG_RUNTIME_DIR', '/run/user/1000'), ('DISPLAY', ':0'), ('LANG', 'C.UTF-8'), ('LS_COLORS', 'rs=0:di=01;34:ln=01;36:mh=00:pi=40;33:so=01;35:do=01;35:bd=40;33;01:cd=40;33;01:or=40;31;01:mi=00:su=37;41:sg=30;43:ca=30;41:tw=30;42:ow=34;42:st=37;44:ex=01;32:*.tar=01;31:*.tgz=01;31:*.arc=01;31:*.arj=01;31:*.taz=01;31:*.lha=01;31:*.lz4=01;31:*.lzh=01;31:*.lzma=01;31:*.tlz=01;31:*.txz=01;31:*.tzo=01;31:*.t7z=01;31:*.zip=01;31:*.z=01;31:*.dz=01;31:*.gz=01;31:*.lrz=01;31:*.lz=01;31:*.lzo=01;31:*.xz=01;31:*.zst=01;31:*.tzst=01;31:*.bz2=01;31:*.bz=01;31:*.tbz=01;31:*.tbz2=01;31:*.tz=01;31:*.deb=01;31:*.rpm=01;31:*.jar=01;31:*.war=01;31:*.ear=01;31:*.sar=01;31:*.rar=01;31:*.alz=01;31:*.ace=01;31:*.zoo=01;31:*.cpio=01;31:*.7z=01;31:*.rz=01;31:*.cab=01;31:*.wim=01;31:*.swm=01;31:*.dwm=01;31:*.esd=01;31:*.jpg=01;35:*.jpeg=01;35:*.mjpg=01;35:*.mjpeg=01;35:*.gif=01;35:*.bmp=01;35:*.pbm=01;35:*.pgm=01;35:*.ppm=01;35:*.tga=01;35:*.xbm=01;35:*.xpm=01;35:*.tif=01;35:*.tiff=01;35:*.png=01;35:*.svg=01;35:*.svgz=01;35:*.mng=01;35:*.pcx=01;35:*.mov=01;35:*.mpg=01;35:*.mpeg=01;35:*.m2v=01;35:*.mkv=01;35:*.webm=01;35:*.webp=01;35:*.ogm=01;35:*.mp4=01;35:*.m4v=01;35:*.mp4v=01;35:*.vob=01;35:*.qt=01;35:*.nuv=01;35:*.wmv=01;35:*.asf=01;35:*.rm=01;35:*.rmvb=01;35:*.flc=01;35:*.avi=01;35:*.fli=01;35:*.flv=01;35:*.gl=01;35:*.dl=01;35:*.xcf=01;35:*.xwd=01;35:*.yuv=01;35:*.cgm=01;35:*.emf=01;35:*.ogv=01;35:*.ogx=01;35:*.aac=00;36:*.au=00;36:*.flac=00;36:*.m4a=00;36:*.mid=00;36:*.midi=00;36:*.mka=00;36:*.mp3=00;36:*.mpc=00;36:*.ogg=00;36:*.ra=00;36:*.wav=00;36:*.oga=00;36:*.opus=00;36:*.spx=00;36:*.xspf=00;36:'), ('VSCODE_GIT_IPC_HANDLE', '/run/user/1000/vscode-git-5cd6a46eea.sock'), ('TERM_PROGRAM', 'vscode'), ('AMENT_PREFIX_PATH', '/opt/ros/humble'), ('SHELL', '/bin/bash'), ('LESSCLOSE', '/usr/bin/lesspipe %s %s'), ('VSCODE_GIT_ASKPASS_EXTRA_ARGS', ''), ('PWD', '/home/glance/ros2_ws/build/sllidar_ros2'), ('COPILOT_DEBUG_NONCE', '24c56f5384243b67a53f1fc10e04bab8'), ('XDG_DATA_DIRS', '/usr/local/share:/usr/share:/var/lib/snapd/desktop'), ('PYTHONPATH', '/opt/ros/humble/lib/python3.10/site-packages:/opt/ros/humble/local/lib/python3.10/dist-packages'), ('COLCON', '1'), ('WSL2_GUI_APPS_ENABLED', '1'), ('HOSTTYPE', 'x86_64'), ('WSLENV', 'VSCODE_WSL_EXT_LOCATION/up'), ('CMAKE_PREFIX_PATH', '/opt/ros/humble')]), 'shell': False}
[0.099895] (-) TimerEvent: {}
[0.177804] (sllidar_ros2) StdoutLine: {'line': b'-- The C compiler identification is GNU 11.4.0\n'}
[0.200011] (-) TimerEvent: {}
[0.300314] (-) TimerEvent: {}
[0.400674] (-) TimerEvent: {}
[0.486548] (sllidar_ros2) StdoutLine: {'line': b'-- The CXX compiler identification is GNU 11.4.0\n'}
[0.500772] (-) TimerEvent: {}
[0.601051] (-) TimerEvent: {}
[0.701376] (-) TimerEvent: {}
[0.737352] (sllidar_ros2) StdoutLine: {'line': b'-- Detecting C compiler ABI info\n'}
[0.801493] (-) TimerEvent: {}
[0.828351] (sllidar_ros2) StdoutLine: {'line': b'-- Detecting C compiler ABI info - done\n'}
[0.831713] (sllidar_ros2) StdoutLine: {'line': b'-- Check for working C compiler: /usr/bin/cc - skipped\n'}
[0.832073] (sllidar_ros2) StdoutLine: {'line': b'-- Detecting C compile features\n'}
[0.832846] (sllidar_ros2) StdoutLine: {'line': b'-- Detecting C compile features - done\n'}
[0.835464] (sllidar_ros2) StdoutLine: {'line': b'-- Detecting CXX compiler ABI info\n'}
[0.901629] (-) TimerEvent: {}
[0.924113] (sllidar_ros2) StdoutLine: {'line': b'-- Detecting CXX compiler ABI info - done\n'}
[0.927415] (sllidar_ros2) StdoutLine: {'line': b'-- Check for working CXX compiler: /usr/bin/c++ - skipped\n'}
[0.927584] (sllidar_ros2) StdoutLine: {'line': b'-- Detecting CXX compile features\n'}
[0.927769] (sllidar_ros2) StdoutLine: {'line': b'-- Detecting CXX compile features - done\n'}
[0.937479] (sllidar_ros2) StdoutLine: {'line': b'-- Found ament_cmake: 1.3.14 (/opt/ros/humble/share/ament_cmake/cmake)\n'}
[1.001754] (-) TimerEvent: {}
[1.024868] (sllidar_ros2) StdoutLine: {'line': b'-- Found Python3: /usr/bin/python3 (found version "3.10.12") found components: Interpreter \n'}
[1.086327] (sllidar_ros2) StdoutLine: {'line': b'-- Found rclcpp: 16.0.19 (/opt/ros/humble/share/rclcpp/cmake)\n'}
[1.101852] (-) TimerEvent: {}
[1.202126] (-) TimerEvent: {}
[1.215540] (sllidar_ros2) StdoutLine: {'line': b'-- Found rosidl_generator_c: 3.1.9 (/opt/ros/humble/share/rosidl_generator_c/cmake)\n'}
[1.220540] (sllidar_ros2) StdoutLine: {'line': b'-- Found rosidl_adapter: 3.1.9 (/opt/ros/humble/share/rosidl_adapter/cmake)\n'}
[1.229665] (sllidar_ros2) StdoutLine: {'line': b'-- Found rosidl_generator_cpp: 3.1.9 (/opt/ros/humble/share/rosidl_generator_cpp/cmake)\n'}
[1.244520] (sllidar_ros2) StdoutLine: {'line': b'-- Using all available rosidl_typesupport_c: rosidl_typesupport_fastrtps_c;rosidl_typesupport_introspection_c\n'}
[1.258603] (sllidar_ros2) StdoutLine: {'line': b'-- Using all available rosidl_typesupport_cpp: rosidl_typesupport_fastrtps_cpp;rosidl_typesupport_introspection_cpp\n'}
[1.302270] (-) TimerEvent: {}
[1.328284] (sllidar_ros2) StdoutLine: {'line': b'-- Found rmw_implementation_cmake: 6.1.3 (/opt/ros/humble/share/rmw_implementation_cmake/cmake)\n'}
[1.330816] (sllidar_ros2) StdoutLine: {'line': b'-- Found rmw_fastrtps_cpp: 6.2.10 (/opt/ros/humble/share/rmw_fastrtps_cpp/cmake)\n'}
[1.402399] (-) TimerEvent: {}
[1.502695] (-) TimerEvent: {}
[1.603046] (-) TimerEvent: {}
[1.703368] (-) TimerEvent: {}
[1.803695] (-) TimerEvent: {}
[1.904019] (-) TimerEvent: {}
[2.004326] (-) TimerEvent: {}
[2.101033] (sllidar_ros2) StdoutLine: {'line': b'-- Found OpenSSL: /usr/lib/x86_64-linux-gnu/libcrypto.so (found version "3.0.2")  \n'}
[2.104439] (-) TimerEvent: {}
[2.204730] (-) TimerEvent: {}
[2.305099] (-) TimerEvent: {}
[2.405415] (-) TimerEvent: {}
[2.505741] (-) TimerEvent: {}
[2.606063] (-) TimerEvent: {}
[2.706417] (-) TimerEvent: {}
[2.806730] (-) TimerEvent: {}
[2.907067] (-) TimerEvent: {}
[2.987972] (sllidar_ros2) StdoutLine: {'line': b'-- Found FastRTPS: /opt/ros/humble/include  \n'}
[3.007190] (-) TimerEvent: {}
[3.107501] (-) TimerEvent: {}
[3.207816] (-) TimerEvent: {}
[3.308134] (-) TimerEvent: {}
[3.408485] (-) TimerEvent: {}
[3.508797] (-) TimerEvent: {}
[3.609143] (-) TimerEvent: {}
[3.709463] (-) TimerEvent: {}
[3.809800] (-) TimerEvent: {}
[3.910192] (-) TimerEvent: {}
[4.010521] (-) TimerEvent: {}
[4.110845] (-) TimerEvent: {}
[4.211175] (-) TimerEvent: {}
[4.311490] (-) TimerEvent: {}
[4.411802] (-) TimerEvent: {}
[4.500602] (sllidar_ros2) StdoutLine: {'line': b"-- Using RMW implementation 'rmw_fastrtps_cpp' as default\n"}
[4.508336] (sllidar_ros2) StdoutLine: {'line': b'-- Looking for pthread.h\n'}
[4.511880] (-) TimerEvent: {}
[4.592046] (sllidar_ros2) StdoutLine: {'line': b'-- Looking for pthread.h - found\n'}
[4.592279] (sllidar_ros2) StdoutLine: {'line': b'-- Performing Test CMAKE_HAVE_LIBC_PTHREAD\n'}
[4.612025] (-) TimerEvent: {}
[4.674950] (sllidar_ros2) StdoutLine: {'line': b'-- Performing Test CMAKE_HAVE_LIBC_PTHREAD - Success\n'}
[4.675576] (sllidar_ros2) StdoutLine: {'line': b'-- Found Threads: TRUE  \n'}
[4.712181] (-) TimerEvent: {}
[4.720342] (sllidar_ros2) StdoutLine: {'line': b'-- Found sensor_msgs: 4.9.2 (/opt/ros/humble/share/sensor_msgs/cmake)\n'}
[4.746452] (sllidar_ros2) StdoutLine: {'line': b'-- Found std_srvs: 4.9.2 (/opt/ros/humble/share/std_srvs/cmake)\n'}
[4.799165] (sllidar_ros2) StdoutLine: {'line': b'-- Configuring done\n'}
[4.810631] (sllidar_ros2) StdoutLine: {'line': b'-- Generating done\n'}
[4.812276] (-) TimerEvent: {}
[4.814729] (sllidar_ros2) StdoutLine: {'line': b'-- Build files have been written to: /home/glance/ros2_ws/build/sllidar_ros2\n'}
[4.856795] (sllidar_ros2) CommandEnded: {'returncode': 0}
[4.858242] (sllidar_ros2) JobProgress: {'identifier': 'sllidar_ros2', 'progress': 'build'}
[4.858279] (sllidar_ros2) Command: {'cmd': ['/usr/bin/cmake', '--build', '/home/glance/ros2_ws/build/sllidar_ros2', '--', '-j20', '-l20'], 'cwd': '/home/glance/ros2_ws/build/sllidar_ros2', 'env': OrderedDict([('LESSOPEN', '| /usr/bin/lesspipe %s'), ('USER', 'glance'), ('GIT_ASKPASS', '/home/glance/.vscode-server/bin/07f806f999227108933c2e30515b26eecc1fda74/extensions/git/dist/askpass.sh'), ('SHLVL', '1'), ('LD_LIBRARY_PATH', '/opt/ros/humble/opt/rviz_ogre_vendor/lib:/opt/ros/humble/lib/x86_64-linux-gnu:/opt/ros/humble/lib'), ('HOME', '/home/glance'), ('OLDPWD', '/home/glance/ros2_ws/src/sllidar_ros2'), ('TERM_PROGRAM_VERSION', '1.140.0'), ('VSCODE_IPC_HOOK_CLI', '/run/user/1000/vscode-ipc-f8044283-767e-4c49-adf3-054e35b6c833.sock'), ('ROS_PYTHON_VERSION', '3'), ('VSCODE_GIT_ASKPASS_MAIN', '/home/glance/.vscode-server/bin/07f806f999227108933c2e30515b26eecc1fda74/extensions/git/dist/askpass-main.js'), ('VSCODE_GIT_ASKPASS_NODE', '/home/glance/.vscode-server/bin/07f806f999227108933c2e30515b26eecc1fda74/node'), ('VSCODE_PYTHON_AUTOACTIVATE_GUARD', '1'), ('DBUS_SESSION_BUS_ADDRESS', 'unix:path=/run/user/1000/bus'), ('COLORTERM', 'truecolor'), ('WSL_DISTRO_NAME', 'Ubuntu-22.04'), ('WAYLAND_DISPLAY', 'wayland-0'), ('ROS_DISTRO', 'humble'), ('LOGNAME', 'glance'), ('NAME', 'LAPTOP-DBED9HEM'), ('WSL_INTEROP', '/run/WSL/461_interop'), ('PULSE_SERVER', 'unix:/mnt/wslg/PulseServer'), ('_', '/usr/bin/colcon'), ('ROS_VERSION', '2'), ('CLAUDE_CODE_SSE_PORT', '28272'), ('TERM', 'xterm-256color'), ('ROS_LOCALHOST_ONLY', '0'), ('PATH', '/home/glance/.vscode-server/data/User/globalStorage/github.copilot-chat/debugCommand:/home/glance/.vscode-server/data/User/globalStorage/github.copilot-chat/copilotCli:/home/glance/.vscode-server/bin/07f806f999227108933c2e30515b26eecc1fda74/bin/remote-cli:/opt/ros/humble/bin:/usr/local/sbin:/usr/local/bin:/usr/sbin:/usr/bin:/sbin:/bin:/usr/games:/usr/local/games:/usr/lib/wsl/lib:/mnt/c/Program Files (x86)/NVIDIA Corporation/PhysX/Common:/mnt/c/Windows/system32:/mnt/c/Windows:/mnt/c/Windows/System32/Wbem:/mnt/c/Windows/System32/WindowsPowerShell/v1.0/:/mnt/c/Windows/System32/OpenSSH/:/mnt/c/Windows/system32:/mnt/c/Program Files/NVIDIA Corporation/NVIDIA App/NvDLISR:/mnt/c/Program Files/dotnet/:/mnt/c/Program Files/Bandizip/:/mnt/c/Program Files/Microsoft SQL Server/Client SDK/ODBC/170/Tools/Binn/:/mnt/c/Program Files (x86)/Microsoft SQL Server/150/Tools/Binn/:/mnt/c/Program Files/Microsoft SQL Server/150/Tools/Binn/:/mnt/c/Program Files/Microsoft SQL Server/150/DTS/Binn/:/mnt/c/Program Files (x86)/Windows Kits/8.1/Windows Performance Toolkit/:/mnt/d/Program Files/MATLAB/R2022b/runtime/win64:/mnt/d/Program Files/MATLAB/R2022b/bin:/mnt/d/Git/cmd:/mnt/d/w64devkit/bin:/mnt/c/Program Files/GitHub CLI/:/mnt/c/Program Files/nodejs/:/mnt/c/Users/glance/AppData/Local/Programs/Python/Python312:/mnt/c/Users/glance/AppData/Local/Programs/Python/Python312/Scripts:/mnt/c/Users/glance/AppData/Local/Programs/Python/Launcher/:/mnt/c/Users/glance/.local/bin:/mnt/c/Users/glance/AppData/Local/Microsoft/WindowsApps:/mnt/d/Microsoft VS Code/bin:/mnt/c/Users/glance/AppData/Roaming/npm:/mnt/c/Users/glance/AppData/Local/Programs/DockerDesktop/resources/bin:/mnt/c/Users/glance/AppData/Local/Programs/Antigravity IDE/bin:/snap/bin'), ('XDG_RUNTIME_DIR', '/run/user/1000'), ('DISPLAY', ':0'), ('LANG', 'C.UTF-8'), ('LS_COLORS', 'rs=0:di=01;34:ln=01;36:mh=00:pi=40;33:so=01;35:do=01;35:bd=40;33;01:cd=40;33;01:or=40;31;01:mi=00:su=37;41:sg=30;43:ca=30;41:tw=30;42:ow=34;42:st=37;44:ex=01;32:*.tar=01;31:*.tgz=01;31:*.arc=01;31:*.arj=01;31:*.taz=01;31:*.lha=01;31:*.lz4=01;31:*.lzh=01;31:*.lzma=01;31:*.tlz=01;31:*.txz=01;31:*.tzo=01;31:*.t7z=01;31:*.zip=01;31:*.z=01;31:*.dz=01;31:*.gz=01;31:*.lrz=01;31:*.lz=01;31:*.lzo=01;31:*.xz=01;31:*.zst=01;31:*.tzst=01;31:*.bz2=01;31:*.bz=01;31:*.tbz=01;31:*.tbz2=01;31:*.tz=01;31:*.deb=01;31:*.rpm=01;31:*.jar=01;31:*.war=01;31:*.ear=01;31:*.sar=01;31:*.rar=01;31:*.alz=01;31:*.ace=01;31:*.zoo=01;31:*.cpio=01;31:*.7z=01;31:*.rz=01;31:*.cab=01;31:*.wim=01;31:*.swm=01;31:*.dwm=01;31:*.esd=01;31:*.jpg=01;35:*.jpeg=01;35:*.mjpg=01;35:*.mjpeg=01;35:*.gif=01;35:*.bmp=01;35:*.pbm=01;35:*.pgm=01;35:*.ppm=01;35:*.tga=01;35:*.xbm=01;35:*.xpm=01;35:*.tif=01;35:*.tiff=01;35:*.png=01;35:*.svg=01;35:*.svgz=01;35:*.mng=01;35:*.pcx=01;35:*.mov=01;35:*.mpg=01;35:*.mpeg=01;35:*.m2v=01;35:*.mkv=01;35:*.webm=01;35:*.webp=01;35:*.ogm=01;35:*.mp4=01;35:*.m4v=01;35:*.mp4v=01;35:*.vob=01;35:*.qt=01;35:*.nuv=01;35:*.wmv=01;35:*.asf=01;35:*.rm=01;35:*.rmvb=01;35:*.flc=01;35:*.avi=01;35:*.fli=01;35:*.flv=01;35:*.gl=01;35:*.dl=01;35:*.xcf=01;35:*.xwd=01;35:*.yuv=01;35:*.cgm=01;35:*.emf=01;35:*.ogv=01;35:*.ogx=01;35:*.aac=00;36:*.au=00;36:*.flac=00;36:*.m4a=00;36:*.mid=00;36:*.midi=00;36:*.mka=00;36:*.mp3=00;36:*.mpc=00;36:*.ogg=00;36:*.ra=00;36:*.wav=00;36:*.oga=00;36:*.opus=00;36:*.spx=00;36:*.xspf=00;36:'), ('VSCODE_GIT_IPC_HANDLE', '/run/user/1000/vscode-git-5cd6a46eea.sock'), ('TERM_PROGRAM', 'vscode'), ('AMENT_PREFIX_PATH', '/opt/ros/humble'), ('SHELL', '/bin/bash'), ('LESSCLOSE', '/usr/bin/lesspipe %s %s'), ('VSCODE_GIT_ASKPASS_EXTRA_ARGS', ''), ('PWD', '/home/glance/ros2_ws/build/sllidar_ros2'), ('COPILOT_DEBUG_NONCE', '24c56f5384243b67a53f1fc10e04bab8'), ('XDG_DATA_DIRS', '/usr/local/share:/usr/share:/var/lib/snapd/desktop'), ('PYTHONPATH', '/opt/ros/humble/lib/python3.10/site-packages:/opt/ros/humble/local/lib/python3.10/dist-packages'), ('COLCON', '1'), ('WSL2_GUI_APPS_ENABLED', '1'), ('HOSTTYPE', 'x86_64'), ('WSLENV', 'VSCODE_WSL_EXT_LOCATION/up'), ('CMAKE_PREFIX_PATH', '/opt/ros/humble')]), 'shell': False}
[4.890003] (sllidar_ros2) StdoutLine: {'line': b'[  5%] \x1b[32mBuilding CXX object CMakeFiles/sllidar_client.dir/src/sllidar_client.cpp.o\x1b[0m\n'}
[4.904355] (sllidar_ros2) StdoutLine: {'line': b'[ 15%] \x1b[32mBuilding CXX object CMakeFiles/sllidar_node.dir/sdk/src/arch/linux/timer.cpp.o\x1b[0m\n'}
[4.904549] (sllidar_ros2) StdoutLine: {'line': b'[ 15%] \x1b[32mBuilding CXX object CMakeFiles/sllidar_node.dir/sdk/src/dataunpacker/dataunpacker.cpp.o\x1b[0m\n'}
[4.905529] (sllidar_ros2) StdoutLine: {'line': b'[ 20%] \x1b[32mBuilding CXX object CMakeFiles/sllidar_node.dir/sdk/src/dataunpacker/unpacker/handler_normalnode.cpp.o\x1b[0m\n'}
[4.905775] (sllidar_ros2) StdoutLine: {'line': b'[ 25%] \x1b[32mBuilding CXX object CMakeFiles/sllidar_node.dir/sdk/src/hal/thread.cpp.o\x1b[0m\n'}
[4.906647] (sllidar_ros2) StdoutLine: {'line': b'[ 30%] \x1b[32mBuilding CXX object CMakeFiles/sllidar_node.dir/src/sllidar_node.cpp.o\x1b[0m\n'}
[4.910103] (sllidar_ros2) StdoutLine: {'line': b'[ 35%] \x1b[32mBuilding CXX object CMakeFiles/sllidar_node.dir/sdk/src/rplidar_driver.cpp.o\x1b[0m\n'}
[4.910278] (sllidar_ros2) StdoutLine: {'line': b'[ 40%] \x1b[32mBuilding CXX object CMakeFiles/sllidar_node.dir/sdk/src/sl_crc.cpp.o\x1b[0m\n'}
[4.911993] (sllidar_ros2) StdoutLine: {'line': b'[ 45%] \x1b[32mBuilding CXX object CMakeFiles/sllidar_node.dir/sdk/src/sl_lidarprotocol_codec.cpp.o\x1b[0m\n'}
[4.912366] (-) TimerEvent: {}
[4.913380] (sllidar_ros2) StdoutLine: {'line': b'[ 50%] \x1b[32mBuilding CXX object CMakeFiles/sllidar_node.dir/sdk/src/sl_async_transceiver.cpp.o\x1b[0m\n'}
[4.913924] (sllidar_ros2) StdoutLine: {'line': b'[ 60%] \x1b[32mBuilding CXX object CMakeFiles/sllidar_node.dir/sdk/src/arch/linux/net_socket.cpp.o\x1b[0m\n'}
[4.915879] (sllidar_ros2) StdoutLine: {'line': b'[ 65%] \x1b[32mBuilding CXX object CMakeFiles/sllidar_node.dir/sdk/src/dataunpacker/unpacker/handler_capsules.cpp.o\x1b[0m\n'}
[4.916559] (sllidar_ros2) StdoutLine: {'line': b'[ 65%] \x1b[32mBuilding CXX object CMakeFiles/sllidar_node.dir/sdk/src/dataunpacker/unpacker/handler_hqnode.cpp.o\x1b[0m\n'}
[4.918340] (sllidar_ros2) StdoutLine: {'line': b'[ 70%] \x1b[32mBuilding CXX object CMakeFiles/sllidar_node.dir/sdk/src/arch/linux/net_serial.cpp.o\x1b[0m\n'}
[4.922205] (sllidar_ros2) StderrLine: {'line': b'In file included from \x1b[01m\x1b[K/home/glance/ros2_ws/src/sllidar_ros2/./sdk/include/sl_lidar_cmd.h:41\x1b[m\x1b[K,\n'}
[4.922420] (sllidar_ros2) StderrLine: {'line': b'                 from \x1b[01m\x1b[K/home/glance/ros2_ws/src/sllidar_ros2/./sdk/include/sl_crc.h:36\x1b[m\x1b[K,\n'}
[4.922468] (sllidar_ros2) StderrLine: {'line': b'                 from \x1b[01m\x1b[K/home/glance/ros2_ws/src/sllidar_ros2/sdk/src/sl_crc.cpp:33\x1b[m\x1b[K:\n'}
[4.922496] (sllidar_ros2) StderrLine: {'line': b'\x1b[01m\x1b[K/home/glance/ros2_ws/src/sllidar_ros2/./sdk/include/sl_lidar_protocol.h:66:16:\x1b[m\x1b[K \x1b[01;35m\x1b[Kwarning: \x1b[m\x1b[KISO C++ forbids zero-size array \xe2\x80\x98\x1b[01m\x1b[Kdata\x1b[m\x1b[K\xe2\x80\x99 [\x1b[01;35m\x1b[K\x1b]8;;https://gcc.gnu.org/onlinedocs/gcc/Warning-Options.html#index-Wpedantic\x07-Wpedantic\x1b]8;;\x07\x1b[m\x1b[K]\n'}
[4.922523] (sllidar_ros2) StderrLine: {'line': b'   66 |     sl_u8 data[\x1b[01;35m\x1b[K0\x1b[m\x1b[K];\n'}
[4.922546] (sllidar_ros2) StderrLine: {'line': b'      |                \x1b[01;35m\x1b[K^\x1b[m\x1b[K\n'}
[4.922753] (sllidar_ros2) StderrLine: {'line': b'In file included from \x1b[01m\x1b[K/home/glance/ros2_ws/src/sllidar_ros2/./sdk/include/sl_crc.h:36\x1b[m\x1b[K,\n'}
[4.922847] (sllidar_ros2) StderrLine: {'line': b'                 from \x1b[01m\x1b[K/home/glance/ros2_ws/src/sllidar_ros2/sdk/src/sl_crc.cpp:33\x1b[m\x1b[K:\n'}
[4.922896] (sllidar_ros2) StderrLine: {'line': b'\x1b[01m\x1b[K/home/glance/ros2_ws/src/sllidar_ros2/./sdk/include/sl_lidar_cmd.h:324:20:\x1b[m\x1b[K \x1b[01;35m\x1b[Kwarning: \x1b[m\x1b[KISO C++ forbids zero-size array \xe2\x80\x98\x1b[01m\x1b[Kpayload\x1b[m\x1b[K\xe2\x80\x99 [\x1b[01;35m\x1b[K\x1b]8;;https://gcc.gnu.org/onlinedocs/gcc/Warning-Options.html#index-Wpedantic\x07-Wpedantic\x1b]8;;\x07\x1b[m\x1b[K]\n'}
[4.922944] (sllidar_ros2) StderrLine: {'line': b'  324 |     sl_u8  payload[\x1b[01;35m\x1b[K0\x1b[m\x1b[K];\n'}
[4.923001] (sllidar_ros2) StderrLine: {'line': b'      |                    \x1b[01;35m\x1b[K^\x1b[m\x1b[K\n'}
[4.930823] (sllidar_ros2) StdoutLine: {'line': b'[ 75%] \x1b[32mBuilding CXX object CMakeFiles/sllidar_node.dir/sdk/src/sl_tcp_channel.cpp.o\x1b[0m\n'}
[4.937652] (sllidar_ros2) StdoutLine: {'line': b'[ 80%] \x1b[32mBuilding CXX object CMakeFiles/sllidar_node.dir/sdk/src/sl_lidar_driver.cpp.o\x1b[0m\n'}
[4.944243] (sllidar_ros2) StdoutLine: {'line': b'[ 85%] \x1b[32mBuilding CXX object CMakeFiles/sllidar_node.dir/sdk/src/sl_serial_channel.cpp.o\x1b[0m\n'}
[4.949544] (sllidar_ros2) StdoutLine: {'line': b'[ 90%] \x1b[32mBuilding CXX object CMakeFiles/sllidar_node.dir/sdk/src/sl_udp_channel.cpp.o\x1b[0m\n'}
[5.016505] (-) TimerEvent: {}
[5.116896] (-) TimerEvent: {}
[5.161340] (sllidar_ros2) StderrLine: {'line': b'In file included from \x1b[01m\x1b[K/home/glance/ros2_ws/src/sllidar_ros2/./sdk/include/sl_lidar_cmd.h:41\x1b[m\x1b[K,\n'}
[5.161623] (sllidar_ros2) StderrLine: {'line': b'                 from \x1b[01m\x1b[K/home/glance/ros2_ws/src/sllidar_ros2/./sdk/include/sl_lidar_driver.h:54\x1b[m\x1b[K,\n'}
[5.161672] (sllidar_ros2) StderrLine: {'line': b'                 from \x1b[01m\x1b[K/home/glance/ros2_ws/src/sllidar_ros2/sdk/src/sl_tcp_channel.cpp:33\x1b[m\x1b[K:\n'}
[5.161702] (sllidar_ros2) StderrLine: {'line': b'\x1b[01m\x1b[K/home/glance/ros2_ws/src/sllidar_ros2/./sdk/include/sl_lidar_protocol.h:66:16:\x1b[m\x1b[K \x1b[01;35m\x1b[Kwarning: \x1b[m\x1b[KISO C++ forbids zero-size array \xe2\x80\x98\x1b[01m\x1b[Kdata\x1b[m\x1b[K\xe2\x80\x99 [\x1b[01;35m\x1b[K\x1b]8;;https://gcc.gnu.org/onlinedocs/gcc/Warning-Options.html#index-Wpedantic\x07-Wpedantic\x1b]8;;\x07\x1b[m\x1b[K]\n'}
[5.161735] (sllidar_ros2) StderrLine: {'line': b'   66 |     sl_u8 data[\x1b[01;35m\x1b[K0\x1b[m\x1b[K];\n'}
[5.161763] (sllidar_ros2) StderrLine: {'line': b'      |                \x1b[01;35m\x1b[K^\x1b[m\x1b[K\n'}
[5.161791] (sllidar_ros2) StderrLine: {'line': b'In file included from \x1b[01m\x1b[K/home/glance/ros2_ws/src/sllidar_ros2/./sdk/include/sl_lidar_driver.h:54\x1b[m\x1b[K,\n'}
[5.161817] (sllidar_ros2) StderrLine: {'line': b'                 from \x1b[01m\x1b[K/home/glance/ros2_ws/src/sllidar_ros2/sdk/src/sl_tcp_channel.cpp:33\x1b[m\x1b[K:\n'}
[5.161843] (sllidar_ros2) StderrLine: {'line': b'\x1b[01m\x1b[K/home/glance/ros2_ws/src/sllidar_ros2/./sdk/include/sl_lidar_cmd.h:324:20:\x1b[m\x1b[K \x1b[01;35m\x1b[Kwarning: \x1b[m\x1b[KISO C++ forbids zero-size array \xe2\x80\x98\x1b[01m\x1b[Kpayload\x1b[m\x1b[K\xe2\x80\x99 [\x1b[01;35m\x1b[K\x1b]8;;https://gcc.gnu.org/onlinedocs/gcc/Warning-Options.html#index-Wpedantic\x07-Wpedantic\x1b]8;;\x07\x1b[m\x1b[K]\n'}
[5.161872] (sllidar_ros2) StderrLine: {'line': b'  324 |     sl_u8  payload[\x1b[01;35m\x1b[K0\x1b[m\x1b[K];\n'}
[5.161897] (sllidar_ros2) StderrLine: {'line': b'      |                    \x1b[01;35m\x1b[K^\x1b[m\x1b[K\n'}
[5.162837] (sllidar_ros2) StderrLine: {'line': b'In file included from \x1b[01m\x1b[K/home/glance/ros2_ws/src/sllidar_ros2/./sdk/include/sl_lidar_cmd.h:41\x1b[m\x1b[K,\n'}
[5.163031] (sllidar_ros2) StderrLine: {'line': b'                 from \x1b[01m\x1b[K/home/glance/ros2_ws/src/sllidar_ros2/./sdk/include/sl_lidar_driver.h:54\x1b[m\x1b[K,\n'}
[5.163070] (sllidar_ros2) StderrLine: {'line': b'                 from \x1b[01m\x1b[K/home/glance/ros2_ws/src/sllidar_ros2/sdk/src/sl_udp_channel.cpp:33\x1b[m\x1b[K:\n'}
[5.163115] (sllidar_ros2) StderrLine: {'line': b'\x1b[01m\x1b[K/home/glance/ros2_ws/src/sllidar_ros2/./sdk/include/sl_lidar_protocol.h:66:16:\x1b[m\x1b[K \x1b[01;35m\x1b[Kwarning: \x1b[m\x1b[KISO C++ forbids zero-size array \xe2\x80\x98\x1b[01m\x1b[Kdata\x1b[m\x1b[K\xe2\x80\x99 [\x1b[01;35m\x1b[K\x1b]8;;https://gcc.gnu.org/onlinedocs/gcc/Warning-Options.html#index-Wpedantic\x07-Wpedantic\x1b]8;;\x07\x1b[m\x1b[K]\n'}
[5.163150] (sllidar_ros2) StderrLine: {'line': b'   66 |     sl_u8 data[\x1b[01;35m\x1b[K0\x1b[m\x1b[K];\n'}
[5.163179] (sllidar_ros2) StderrLine: {'line': b'      |                \x1b[01;35m\x1b[K^\x1b[m\x1b[K\n'}
[5.163264] (sllidar_ros2) StderrLine: {'line': b'In file included from \x1b[01m\x1b[K/home/glance/ros2_ws/src/sllidar_ros2/./sdk/include/sl_lidar_driver.h:54\x1b[m\x1b[K,\n'}
[5.163328] (sllidar_ros2) StderrLine: {'line': b'                 from \x1b[01m\x1b[K/home/glance/ros2_ws/src/sllidar_ros2/sdk/src/sl_udp_channel.cpp:33\x1b[m\x1b[K:\n'}
[5.163362] (sllidar_ros2) StderrLine: {'line': b'\x1b[01m\x1b[K/home/glance/ros2_ws/src/sllidar_ros2/./sdk/include/sl_lidar_cmd.h:324:20:\x1b[m\x1b[K \x1b[01;35m\x1b[Kwarning: \x1b[m\x1b[KISO C++ forbids zero-size array \xe2\x80\x98\x1b[01m\x1b[Kpayload\x1b[m\x1b[K\xe2\x80\x99 [\x1b[01;35m\x1b[K\x1b]8;;https://gcc.gnu.org/onlinedocs/gcc/Warning-Options.html#index-Wpedantic\x07-Wpedantic\x1b]8;;\x07\x1b[m\x1b[K]\n'}
[5.163396] (sllidar_ros2) StderrLine: {'line': b'  324 |     sl_u8  payload[\x1b[01;35m\x1b[K0\x1b[m\x1b[K];\n'}
[5.163424] (sllidar_ros2) StderrLine: {'line': b'      |                    \x1b[01;35m\x1b[K^\x1b[m\x1b[K\n'}
[5.163450] (sllidar_ros2) StderrLine: {'line': b'\x1b[01m\x1b[K/home/glance/ros2_ws/src/sllidar_ros2/sdk/src/sl_tcp_channel.cpp:\x1b[m\x1b[K In member function \xe2\x80\x98\x1b[01m\x1b[Kvoid sl::TcpChannel::setStatus(_u32)\x1b[m\x1b[K\xe2\x80\x99:\n'}
[5.163483] (sllidar_ros2) StderrLine: {'line': b'\x1b[01m\x1b[K/home/glance/ros2_ws/src/sllidar_ros2/sdk/src/sl_tcp_channel.cpp:109:29:\x1b[m\x1b[K \x1b[01;35m\x1b[Kwarning: \x1b[m\x1b[Kunused parameter \xe2\x80\x98\x1b[01m\x1b[Kflag\x1b[m\x1b[K\xe2\x80\x99 [\x1b[01;35m\x1b[K\x1b]8;;https://gcc.gnu.org/onlinedocs/gcc/Warning-Options.html#index-Wunused-parameter\x07-Wunused-parameter\x1b]8;;\x07\x1b[m\x1b[K]\n'}
[5.163521] (sllidar_ros2) StderrLine: {'line': b'  109 |         void setStatus(\x1b[01;35m\x1b[K_u32 flag\x1b[m\x1b[K){}\n'}
[5.163550] (sllidar_ros2) StderrLine: {'line': b'      |                        \x1b[01;35m\x1b[K~~~~~^~~~\x1b[m\x1b[K\n'}
[5.165757] (sllidar_ros2) StderrLine: {'line': b'\x1b[01m\x1b[K/home/glance/ros2_ws/src/sllidar_ros2/sdk/src/sl_udp_channel.cpp:\x1b[m\x1b[K In member function \xe2\x80\x98\x1b[01m\x1b[Kvoid sl::UdpChannel::setStatus(_u32)\x1b[m\x1b[K\xe2\x80\x99:\n'}
[5.165935] (sllidar_ros2) StderrLine: {'line': b'\x1b[01m\x1b[K/home/glance/ros2_ws/src/sllidar_ros2/sdk/src/sl_udp_channel.cpp:112:29:\x1b[m\x1b[K \x1b[01;35m\x1b[Kwarning: \x1b[m\x1b[Kunused parameter \xe2\x80\x98\x1b[01m\x1b[Kflag\x1b[m\x1b[K\xe2\x80\x99 [\x1b[01;35m\x1b[K\x1b]8;;https://gcc.gnu.org/onlinedocs/gcc/Warning-Options.html#index-Wunused-parameter\x07-Wunused-parameter\x1b]8;;\x07\x1b[m\x1b[K]\n'}
[5.165967] (sllidar_ros2) StderrLine: {'line': b'  112 |         void setStatus(\x1b[01;35m\x1b[K_u32 flag\x1b[m\x1b[K){}\n'}
[5.165993] (sllidar_ros2) StderrLine: {'line': b'      |                        \x1b[01;35m\x1b[K~~~~~^~~~\x1b[m\x1b[K\n'}
[5.172541] (sllidar_ros2) StderrLine: {'line': b'In file included from \x1b[01m\x1b[K/home/glance/ros2_ws/src/sllidar_ros2/./sdk/include/sl_lidar_cmd.h:41\x1b[m\x1b[K,\n'}
[5.172821] (sllidar_ros2) StderrLine: {'line': b'                 from \x1b[01m\x1b[K/home/glance/ros2_ws/src/sllidar_ros2/./sdk/include/sl_lidar_driver.h:54\x1b[m\x1b[K,\n'}
[5.172881] (sllidar_ros2) StderrLine: {'line': b'                 from \x1b[01m\x1b[K/home/glance/ros2_ws/src/sllidar_ros2/sdk/src/sl_serial_channel.cpp:33\x1b[m\x1b[K:\n'}
[5.172927] (sllidar_ros2) StderrLine: {'line': b'\x1b[01m\x1b[K/home/glance/ros2_ws/src/sllidar_ros2/./sdk/include/sl_lidar_protocol.h:66:16:\x1b[m\x1b[K \x1b[01;35m\x1b[Kwarning: \x1b[m\x1b[KISO C++ forbids zero-size array \xe2\x80\x98\x1b[01m\x1b[Kdata\x1b[m\x1b[K\xe2\x80\x99 [\x1b[01;35m\x1b[K\x1b]8;;https://gcc.gnu.org/onlinedocs/gcc/Warning-Options.html#index-Wpedantic\x07-Wpedantic\x1b]8;;\x07\x1b[m\x1b[K]\n'}
[5.172961] (sllidar_ros2) StderrLine: {'line': b'   66 |     sl_u8 data[\x1b[01;35m\x1b[K0\x1b[m\x1b[K];\n'}
[5.172988] (sllidar_ros2) StderrLine: {'line': b'      |                \x1b[01;35m\x1b[K^\x1b[m\x1b[K\n'}
[5.173066] (sllidar_ros2) StderrLine: {'line': b'In file included from \x1b[01m\x1b[K/home/glance/ros2_ws/src/sllidar_ros2/./sdk/include/sl_lidar_driver.h:54\x1b[m\x1b[K,\n'}
[5.173102] (sllidar_ros2) StderrLine: {'line': b'                 from \x1b[01m\x1b[K/home/glance/ros2_ws/src/sllidar_ros2/sdk/src/sl_serial_channel.cpp:33\x1b[m\x1b[K:\n'}
[5.173133] (sllidar_ros2) StderrLine: {'line': b'\x1b[01m\x1b[K/home/glance/ros2_ws/src/sllidar_ros2/./sdk/include/sl_lidar_cmd.h:324:20:\x1b[m\x1b[K \x1b[01;35m\x1b[Kwarning: \x1b[m\x1b[KISO C++ forbids zero-size array \xe2\x80\x98\x1b[01m\x1b[Kpayload\x1b[m\x1b[K\xe2\x80\x99 [\x1b[01;35m\x1b[K\x1b]8;;https://gcc.gnu.org/onlinedocs/gcc/Warning-Options.html#index-Wpedantic\x07-Wpedantic\x1b]8;;\x07\x1b[m\x1b[K]\n'}
[5.173166] (sllidar_ros2) StderrLine: {'line': b'  324 |     sl_u8  payload[\x1b[01;35m\x1b[K0\x1b[m\x1b[K];\n'}
[5.173193] (sllidar_ros2) StderrLine: {'line': b'      |                    \x1b[01;35m\x1b[K^\x1b[m\x1b[K\n'}
[5.217056] (-) TimerEvent: {}
[5.253570] (sllidar_ros2) StderrLine: {'line': b'In file included from \x1b[01m\x1b[K/home/glance/ros2_ws/src/sllidar_ros2/./sdk/include/rplidar_protocol.h:36\x1b[m\x1b[K,\n'}
[5.253777] (sllidar_ros2) StderrLine: {'line': b'                 from \x1b[01m\x1b[K/home/glance/ros2_ws/src/sllidar_ros2/./sdk/include/rplidar.h:39\x1b[m\x1b[K,\n'}
[5.253989] (sllidar_ros2) StderrLine: {'line': b'                 from \x1b[01m\x1b[K/home/glance/ros2_ws/src/sllidar_ros2/sdk/src/sdkcommon.h:49\x1b[m\x1b[K,\n'}
[5.254037] (sllidar_ros2) StderrLine: {'line': b'                 from \x1b[01m\x1b[K/home/glance/ros2_ws/src/sllidar_ros2/sdk/src/sl_lidarprotocol_codec.cpp:35\x1b[m\x1b[K:\n'}
[5.254140] (sllidar_ros2) StderrLine: {'line': b'\x1b[01m\x1b[K/home/glance/ros2_ws/src/sllidar_ros2/./sdk/include/sl_lidar_protocol.h:66:16:\x1b[m\x1b[K \x1b[01;35m\x1b[Kwarning: \x1b[m\x1b[KISO C++ forbids zero-size array \xe2\x80\x98\x1b[01m\x1b[Kdata\x1b[m\x1b[K\xe2\x80\x99 [\x1b[01;35m\x1b[K\x1b]8;;https://gcc.gnu.org/onlinedocs/gcc/Warning-Options.html#index-Wpedantic\x07-Wpedantic\x1b]8;;\x07\x1b[m\x1b[K]\n'}
[5.254379] (sllidar_ros2) StderrLine: {'line': b'   66 |     sl_u8 data[\x1b[01;35m\x1b[K0\x1b[m\x1b[K];\n'}
[5.254425] (sllidar_ros2) StderrLine: {'line': b'      |                \x1b[01;35m\x1b[K^\x1b[m\x1b[K\n'}
[5.254451] (sllidar_ros2) StderrLine: {'line': b'In file included from \x1b[01m\x1b[K/home/glance/ros2_ws/src/sllidar_ros2/./sdk/include/rplidar_cmd.h:36\x1b[m\x1b[K,\n'}
[5.254475] (sllidar_ros2) StderrLine: {'line': b'                 from \x1b[01m\x1b[K/home/glance/ros2_ws/src/sllidar_ros2/./sdk/include/rplidar.h:40\x1b[m\x1b[K,\n'}
[5.254497] (sllidar_ros2) StderrLine: {'line': b'                 from \x1b[01m\x1b[K/home/glance/ros2_ws/src/sllidar_ros2/sdk/src/sdkcommon.h:49\x1b[m\x1b[K,\n'}
[5.254518] (sllidar_ros2) StderrLine: {'line': b'                 from \x1b[01m\x1b[K/home/glance/ros2_ws/src/sllidar_ros2/sdk/src/sl_lidarprotocol_codec.cpp:35\x1b[m\x1b[K:\n'}
[5.256736] (sllidar_ros2) StderrLine: {'line': b'\x1b[01m\x1b[K/home/glance/ros2_ws/src/sllidar_ros2/./sdk/include/sl_lidar_cmd.h:324:20:\x1b[m\x1b[K \x1b[01;35m\x1b[Kwarning: \x1b[m\x1b[KISO C++ forbids zero-size array \xe2\x80\x98\x1b[01m\x1b[Kpayload\x1b[m\x1b[K\xe2\x80\x99 [\x1b[01;35m\x1b[K\x1b]8;;https://gcc.gnu.org/onlinedocs/gcc/Warning-Options.html#index-Wpedantic\x07-Wpedantic\x1b]8;;\x07\x1b[m\x1b[K]\n'}
[5.256963] (sllidar_ros2) StderrLine: {'line': b'  324 |     sl_u8  payload[\x1b[01;35m\x1b[K0\x1b[m\x1b[K];\n'}
[5.257028] (sllidar_ros2) StderrLine: {'line': b'      |                    \x1b[01;35m\x1b[K^\x1b[m\x1b[K\n'}
[5.257084] (sllidar_ros2) StderrLine: {'line': b'In file included from \x1b[01m\x1b[K/home/glance/ros2_ws/src/sllidar_ros2/./sdk/include/rplidar_protocol.h:36\x1b[m\x1b[K,\n'}
[5.257232] (sllidar_ros2) StderrLine: {'line': b'                 from \x1b[01m\x1b[K/home/glance/ros2_ws/src/sllidar_ros2/./sdk/include/rplidar.h:39\x1b[m\x1b[K,\n'}
[5.257285] (sllidar_ros2) StderrLine: {'line': b'                 from \x1b[01m\x1b[K/home/glance/ros2_ws/src/sllidar_ros2/sdk/src/sdkcommon.h:49\x1b[m\x1b[K,\n'}
[5.257315] (sllidar_ros2) StderrLine: {'line': b'                 from \x1b[01m\x1b[K/home/glance/ros2_ws/src/sllidar_ros2/sdk/src/sl_async_transceiver.cpp:35\x1b[m\x1b[K:\n'}
[5.257347] (sllidar_ros2) StderrLine: {'line': b'\x1b[01m\x1b[K/home/glance/ros2_ws/src/sllidar_ros2/./sdk/include/sl_lidar_protocol.h:66:16:\x1b[m\x1b[K \x1b[01;35m\x1b[Kwarning: \x1b[m\x1b[KISO C++ forbids zero-size array \xe2\x80\x98\x1b[01m\x1b[Kdata\x1b[m\x1b[K\xe2\x80\x99 [\x1b[01;35m\x1b[K\x1b]8;;https://gcc.gnu.org/onlinedocs/gcc/Warning-Options.html#index-Wpedantic\x07-Wpedantic\x1b]8;;\x07\x1b[m\x1b[K]\n'}
[5.257398] (sllidar_ros2) StderrLine: {'line': b'   66 |     sl_u8 data[\x1b[01;35m\x1b[K0\x1b[m\x1b[K];\n'}
[5.257446] (sllidar_ros2) StderrLine: {'line': b'      |                \x1b[01;35m\x1b[K^\x1b[m\x1b[K\n'}
[5.257472] (sllidar_ros2) StderrLine: {'line': b'In file included from \x1b[01m\x1b[K/home/glance/ros2_ws/src/sllidar_ros2/./sdk/include/rplidar_cmd.h:36\x1b[m\x1b[K,\n'}
[5.257498] (sllidar_ros2) StderrLine: {'line': b'                 from \x1b[01m\x1b[K/home/glance/ros2_ws/src/sllidar_ros2/./sdk/include/rplidar.h:40\x1b[m\x1b[K,\n'}
[5.257909] (sllidar_ros2) StderrLine: {'line': b'                 from \x1b[01m\x1b[K/home/glance/ros2_ws/src/sllidar_ros2/sdk/src/sdkcommon.h:49\x1b[m\x1b[K,\n'}
[5.257967] (sllidar_ros2) StderrLine: {'line': b'                 from \x1b[01m\x1b[K/home/glance/ros2_ws/src/sllidar_ros2/sdk/src/sl_async_transceiver.cpp:35\x1b[m\x1b[K:\n'}
[5.257995] (sllidar_ros2) StderrLine: {'line': b'\x1b[01m\x1b[K/home/glance/ros2_ws/src/sllidar_ros2/./sdk/include/sl_lidar_cmd.h:324:20:\x1b[m\x1b[K \x1b[01;35m\x1b[Kwarning: \x1b[m\x1b[KISO C++ forbids zero-size array \xe2\x80\x98\x1b[01m\x1b[Kpayload\x1b[m\x1b[K\xe2\x80\x99 [\x1b[01;35m\x1b[K\x1b]8;;https://gcc.gnu.org/onlinedocs/gcc/Warning-Options.html#index-Wpedantic\x07-Wpedantic\x1b]8;;\x07\x1b[m\x1b[K]\n'}
[5.258022] (sllidar_ros2) StderrLine: {'line': b'  324 |     sl_u8  payload[\x1b[01;35m\x1b[K0\x1b[m\x1b[K];\n'}
[5.258043] (sllidar_ros2) StderrLine: {'line': b'      |                    \x1b[01;35m\x1b[K^\x1b[m\x1b[K\n'}
[5.258066] (sllidar_ros2) StderrLine: {'line': b'In file included from \x1b[01m\x1b[K/home/glance/ros2_ws/src/sllidar_ros2/./sdk/include/rplidar_protocol.h:36\x1b[m\x1b[K,\n'}
[5.258087] (sllidar_ros2) StderrLine: {'line': b'                 from \x1b[01m\x1b[K/home/glance/ros2_ws/src/sllidar_ros2/./sdk/include/rplidar.h:39\x1b[m\x1b[K,\n'}
[5.258109] (sllidar_ros2) StderrLine: {'line': b'                 from \x1b[01m\x1b[K/home/glance/ros2_ws/src/sllidar_ros2/./sdk/src/sdkcommon.h:49\x1b[m\x1b[K,\n'}
[5.258129] (sllidar_ros2) StderrLine: {'line': b'                 from \x1b[01m\x1b[K/home/glance/ros2_ws/src/sllidar_ros2/sdk/src/hal/thread.cpp:35\x1b[m\x1b[K:\n'}
[5.258150] (sllidar_ros2) StderrLine: {'line': b'\x1b[01m\x1b[K/home/glance/ros2_ws/src/sllidar_ros2/./sdk/include/sl_lidar_protocol.h:66:16:\x1b[m\x1b[K \x1b[01;35m\x1b[Kwarning: \x1b[m\x1b[KISO C++ forbids zero-size array \xe2\x80\x98\x1b[01m\x1b[Kdata\x1b[m\x1b[K\xe2\x80\x99 [\x1b[01;35m\x1b[K\x1b]8;;https://gcc.gnu.org/onlinedocs/gcc/Warning-Options.html#index-Wpedantic\x07-Wpedantic\x1b]8;;\x07\x1b[m\x1b[K]\n'}
[5.258257] (sllidar_ros2) StderrLine: {'line': b'   66 |     sl_u8 data[\x1b[01;35m\x1b[K0\x1b[m\x1b[K];\n'}
[5.258409] (sllidar_ros2) StderrLine: {'line': b'      |                \x1b[01;35m\x1b[K^\x1b[m\x1b[K\n'}
[5.258475] (sllidar_ros2) StderrLine: {'line': b'In file included from \x1b[01m\x1b[K/home/glance/ros2_ws/src/sllidar_ros2/./sdk/include/rplidar_cmd.h:36\x1b[m\x1b[K,\n'}
[5.258596] (sllidar_ros2) StderrLine: {'line': b'                 from \x1b[01m\x1b[K/home/glance/ros2_ws/src/sllidar_ros2/./sdk/include/rplidar.h:40\x1b[m\x1b[K,\n'}
[5.258668] (sllidar_ros2) StderrLine: {'line': b'                 from \x1b[01m\x1b[K/home/glance/ros2_ws/src/sllidar_ros2/./sdk/src/sdkcommon.h:49\x1b[m\x1b[K,\n'}
[5.258734] (sllidar_ros2) StderrLine: {'line': b'                 from \x1b[01m\x1b[K/home/glance/ros2_ws/src/sllidar_ros2/sdk/src/hal/thread.cpp:35\x1b[m\x1b[K:\n'}
[5.258883] (sllidar_ros2) StderrLine: {'line': b'\x1b[01m\x1b[K/home/glance/ros2_ws/src/sllidar_ros2/./sdk/include/sl_lidar_cmd.h:324:20:\x1b[m\x1b[K \x1b[01;35m\x1b[Kwarning: \x1b[m\x1b[KISO C++ forbids zero-size array \xe2\x80\x98\x1b[01m\x1b[Kpayload\x1b[m\x1b[K\xe2\x80\x99 [\x1b[01;35m\x1b[K\x1b]8;;https://gcc.gnu.org/onlinedocs/gcc/Warning-Options.html#index-Wpedantic\x07-Wpedantic\x1b]8;;\x07\x1b[m\x1b[K]\n'}
[5.259160] (sllidar_ros2) StderrLine: {'line': b'  324 |     sl_u8  payload[\x1b[01;35m\x1b[K0\x1b[m\x1b[K];\n'}
[5.259213] (sllidar_ros2) StderrLine: {'line': b'      |                    \x1b[01;35m\x1b[K^\x1b[m\x1b[K\n'}
[5.259246] (sllidar_ros2) StderrLine: {'line': b'In file included from \x1b[01m\x1b[K/home/glance/ros2_ws/src/sllidar_ros2/./sdk/include/rplidar_protocol.h:36\x1b[m\x1b[K,\n'}
[5.259318] (sllidar_ros2) StderrLine: {'line': b'                 from \x1b[01m\x1b[K/home/glance/ros2_ws/src/sllidar_ros2/./sdk/include/rplidar.h:39\x1b[m\x1b[K,\n'}
[5.259366] (sllidar_ros2) StderrLine: {'line': b'                 from \x1b[01m\x1b[K/home/glance/ros2_ws/src/sllidar_ros2/./sdk/src/sdkcommon.h:49\x1b[m\x1b[K,\n'}
[5.259400] (sllidar_ros2) StderrLine: {'line': b'                 from \x1b[01m\x1b[K/home/glance/ros2_ws/src/sllidar_ros2/sdk/src/dataunpacker/unpacker/../dataunnpacker_commondef.h:41\x1b[m\x1b[K,\n'}
[5.259437] (sllidar_ros2) StderrLine: {'line': b'                 from \x1b[01m\x1b[K/home/glance/ros2_ws/src/sllidar_ros2/sdk/src/dataunpacker/unpacker/handler_normalnode.cpp:39\x1b[m\x1b[K:\n'}
[5.259472] (sllidar_ros2) StderrLine: {'line': b'\x1b[01m\x1b[K/home/glance/ros2_ws/src/sllidar_ros2/./sdk/include/sl_lidar_protocol.h:66:16:\x1b[m\x1b[K \x1b[01;35m\x1b[Kwarning: \x1b[m\x1b[KISO C++ forbids zero-size array \xe2\x80\x98\x1b[01m\x1b[Kdata\x1b[m\x1b[K\xe2\x80\x99 [\x1b[01;35m\x1b[K\x1b]8;;https://gcc.gnu.org/onlinedocs/gcc/Warning-Options.html#index-Wpedantic\x07-Wpedantic\x1b]8;;\x07\x1b[m\x1b[K]\n'}
[5.259507] (sllidar_ros2) StderrLine: {'line': b'   66 |     sl_u8 data[\x1b[01;35m\x1b[K0\x1b[m\x1b[K];\n'}
[5.259542] (sllidar_ros2) StderrLine: {'line': b'      |                \x1b[01;35m\x1b[K^\x1b[m\x1b[K\n'}
[5.259577] (sllidar_ros2) StderrLine: {'line': b'In file included from \x1b[01m\x1b[K/home/glance/ros2_ws/src/sllidar_ros2/./sdk/include/rplidar_protocol.h:36\x1b[m\x1b[K,\n'}
[5.259611] (sllidar_ros2) StderrLine: {'line': b'                 from \x1b[01m\x1b[K/home/glance/ros2_ws/src/sllidar_ros2/./sdk/include/rplidar.h:39\x1b[m\x1b[K,\n'}
[5.259642] (sllidar_ros2) StderrLine: {'line': b'                 from \x1b[01m\x1b[K/home/glance/ros2_ws/src/sllidar_ros2/sdk/src/sdkcommon.h:49\x1b[m\x1b[K,\n'}
[5.259754] (sllidar_ros2) StderrLine: {'line': b'                 from \x1b[01m\x1b[K/home/glance/ros2_ws/src/sllidar_ros2/sdk/src/sl_lidar_driver.cpp:33\x1b[m\x1b[K:\n'}
[5.259796] (sllidar_ros2) StderrLine: {'line': b'\x1b[01m\x1b[K/home/glance/ros2_ws/src/sllidar_ros2/./sdk/include/sl_lidar_protocol.h:66:16:\x1b[m\x1b[K \x1b[01;35m\x1b[Kwarning: \x1b[m\x1b[KISO C++ forbids zero-size array \xe2\x80\x98\x1b[01m\x1b[Kdata\x1b[m\x1b[K\xe2\x80\x99 [\x1b[01;35m\x1b[K\x1b]8;;https://gcc.gnu.org/onlinedocs/gcc/Warning-Options.html#index-Wpedantic\x07-Wpedantic\x1b]8;;\x07\x1b[m\x1b[K]\n'}
[5.259826] (sllidar_ros2) StderrLine: {'line': b'   66 |     sl_u8 data[\x1b[01;35m\x1b[K0\x1b[m\x1b[K];\n'}
[5.259851] (sllidar_ros2) StderrLine: {'line': b'      |                \x1b[01;35m\x1b[K^\x1b[m\x1b[K\n'}
[5.259873] (sllidar_ros2) StderrLine: {'line': b'In file included from \x1b[01m\x1b[K/home/glance/ros2_ws/src/sllidar_ros2/./sdk/include/rplidar_cmd.h:36\x1b[m\x1b[K,\n'}
[5.259897] (sllidar_ros2) StderrLine: {'line': b'                 from \x1b[01m\x1b[K/home/glance/ros2_ws/src/sllidar_ros2/./sdk/include/rplidar.h:40\x1b[m\x1b[K,\n'}
[5.259925] (sllidar_ros2) StderrLine: {'line': b'                 from \x1b[01m\x1b[K/home/glance/ros2_ws/src/sllidar_ros2/./sdk/src/sdkcommon.h:49\x1b[m\x1b[K,\n'}
[5.259946] (sllidar_ros2) StderrLine: {'line': b'                 from \x1b[01m\x1b[K/home/glance/ros2_ws/src/sllidar_ros2/sdk/src/dataunpacker/unpacker/../dataunnpacker_commondef.h:41\x1b[m\x1b[K,\n'}
[5.259967] (sllidar_ros2) StderrLine: {'line': b'                 from \x1b[01m\x1b[K/home/glance/ros2_ws/src/sllidar_ros2/sdk/src/dataunpacker/unpacker/handler_normalnode.cpp:39\x1b[m\x1b[K:\n'}
[5.259986] (sllidar_ros2) StderrLine: {'line': b'\x1b[01m\x1b[K/home/glance/ros2_ws/src/sllidar_ros2/./sdk/include/sl_lidar_cmd.h:324:20:\x1b[m\x1b[K \x1b[01;35m\x1b[Kwarning: \x1b[m\x1b[KISO C++ forbids zero-size array \xe2\x80\x98\x1b[01m\x1b[Kpayload\x1b[m\x1b[K\xe2\x80\x99 [\x1b[01;35m\x1b[K\x1b]8;;https://gcc.gnu.org/onlinedocs/gcc/Warning-Options.html#index-Wpedantic\x07-Wpedantic\x1b]8;;\x07\x1b[m\x1b[K]\n'}
[5.260191] (sllidar_ros2) StderrLine: {'line': b'  324 |     sl_u8  payload[\x1b[01;35m\x1b[K0\x1b[m\x1b[K];\n'}
[5.260324] (sllidar_ros2) StderrLine: {'line': b'      |                    \x1b[01;35m\x1b[K^\x1b[m\x1b[K\n'}
[5.260352] (sllidar_ros2) StderrLine: {'line': b'In file included from \x1b[01m\x1b[K/home/glance/ros2_ws/src/sllidar_ros2/./sdk/include/rplidar_cmd.h:36\x1b[m\x1b[K,\n'}
[5.260377] (sllidar_ros2) StderrLine: {'line': b'                 from \x1b[01m\x1b[K/home/glance/ros2_ws/src/sllidar_ros2/./sdk/include/rplidar.h:40\x1b[m\x1b[K,\n'}
[5.260417] (sllidar_ros2) StderrLine: {'line': b'                 from \x1b[01m\x1b[K/home/glance/ros2_ws/src/sllidar_ros2/sdk/src/sdkcommon.h:49\x1b[m\x1b[K,\n'}
[5.260439] (sllidar_ros2) StderrLine: {'line': b'                 from \x1b[01m\x1b[K/home/glance/ros2_ws/src/sllidar_ros2/sdk/src/sl_lidar_driver.cpp:33\x1b[m\x1b[K:\n'}
[5.260460] (sllidar_ros2) StderrLine: {'line': b'\x1b[01m\x1b[K/home/glance/ros2_ws/src/sllidar_ros2/./sdk/include/sl_lidar_cmd.h:324:20:\x1b[m\x1b[K \x1b[01;35m\x1b[Kwarning: \x1b[m\x1b[KISO C++ forbids zero-size array \xe2\x80\x98\x1b[01m\x1b[Kpayload\x1b[m\x1b[K\xe2\x80\x99 [\x1b[01;35m\x1b[K\x1b]8;;https://gcc.gnu.org/onlinedocs/gcc/Warning-Options.html#index-Wpedantic\x07-Wpedantic\x1b]8;;\x07\x1b[m\x1b[K]\n'}
[5.260509] (sllidar_ros2) StderrLine: {'line': b'  324 |     sl_u8  payload[\x1b[01;35m\x1b[K0\x1b[m\x1b[K];\n'}
[5.260542] (sllidar_ros2) StderrLine: {'line': b'      |                    \x1b[01;35m\x1b[K^\x1b[m\x1b[K\n'}
[5.260628] (sllidar_ros2) StderrLine: {'line': b'In file included from \x1b[01m\x1b[K/home/glance/ros2_ws/src/sllidar_ros2/./sdk/include/rplidar_protocol.h:36\x1b[m\x1b[K,\n'}
[5.260655] (sllidar_ros2) StderrLine: {'line': b'                 from \x1b[01m\x1b[K/home/glance/ros2_ws/src/sllidar_ros2/./sdk/include/rplidar.h:39\x1b[m\x1b[K,\n'}
[5.260679] (sllidar_ros2) StderrLine: {'line': b'                 from \x1b[01m\x1b[K/home/glance/ros2_ws/src/sllidar_ros2/./sdk/src/sdkcommon.h:49\x1b[m\x1b[K,\n'}
[5.260701] (sllidar_ros2) StderrLine: {'line': b'                 from \x1b[01m\x1b[K/home/glance/ros2_ws/src/sllidar_ros2/sdk/src/dataunpacker/unpacker/../dataunnpacker_commondef.h:41\x1b[m\x1b[K,\n'}
[5.260724] (sllidar_ros2) StderrLine: {'line': b'                 from \x1b[01m\x1b[K/home/glance/ros2_ws/src/sllidar_ros2/sdk/src/dataunpacker/unpacker/handler_hqnode.cpp:39\x1b[m\x1b[K:\n'}
[5.260749] (sllidar_ros2) StderrLine: {'line': b'\x1b[01m\x1b[K/home/glance/ros2_ws/src/sllidar_ros2/./sdk/include/sl_lidar_protocol.h:66:16:\x1b[m\x1b[K \x1b[01;35m\x1b[Kwarning: \x1b[m\x1b[KISO C++ forbids zero-size array \xe2\x80\x98\x1b[01m\x1b[Kdata\x1b[m\x1b[K\xe2\x80\x99 [\x1b[01;35m\x1b[K\x1b]8;;https://gcc.gnu.org/onlinedocs/gcc/Warning-Options.html#index-Wpedantic\x07-Wpedantic\x1b]8;;\x07\x1b[m\x1b[K]\n'}
[5.260775] (sllidar_ros2) StderrLine: {'line': b'   66 |     sl_u8 data[\x1b[01;35m\x1b[K0\x1b[m\x1b[K];\n'}
[5.260797] (sllidar_ros2) StderrLine: {'line': b'      |                \x1b[01;35m\x1b[K^\x1b[m\x1b[K\n'}
[5.260817] (sllidar_ros2) StderrLine: {'line': b'In file included from \x1b[01m\x1b[K/home/glance/ros2_ws/src/sllidar_ros2/./sdk/include/rplidar_cmd.h:36\x1b[m\x1b[K,\n'}
[5.260837] (sllidar_ros2) StderrLine: {'line': b'                 from \x1b[01m\x1b[K/home/glance/ros2_ws/src/sllidar_ros2/./sdk/include/rplidar.h:40\x1b[m\x1b[K,\n'}
[5.260856] (sllidar_ros2) StderrLine: {'line': b'                 from \x1b[01m\x1b[K/home/glance/ros2_ws/src/sllidar_ros2/./sdk/src/sdkcommon.h:49\x1b[m\x1b[K,\n'}
[5.260876] (sllidar_ros2) StderrLine: {'line': b'                 from \x1b[01m\x1b[K/home/glance/ros2_ws/src/sllidar_ros2/sdk/src/dataunpacker/unpacker/../dataunnpacker_commondef.h:41\x1b[m\x1b[K,\n'}
[5.260896] (sllidar_ros2) StderrLine: {'line': b'                 from \x1b[01m\x1b[K/home/glance/ros2_ws/src/sllidar_ros2/sdk/src/dataunpacker/unpacker/handler_hqnode.cpp:39\x1b[m\x1b[K:\n'}
[5.260916] (sllidar_ros2) StderrLine: {'line': b'\x1b[01m\x1b[K/home/glance/ros2_ws/src/sllidar_ros2/./sdk/include/sl_lidar_cmd.h:324:20:\x1b[m\x1b[K \x1b[01;35m\x1b[Kwarning: \x1b[m\x1b[KISO C++ forbids zero-size array \xe2\x80\x98\x1b[01m\x1b[Kpayload\x1b[m\x1b[K\xe2\x80\x99 [\x1b[01;35m\x1b[K\x1b]8;;https://gcc.gnu.org/onlinedocs/gcc/Warning-Options.html#index-Wpedantic\x07-Wpedantic\x1b]8;;\x07\x1b[m\x1b[K]\n'}
[5.260936] (sllidar_ros2) StderrLine: {'line': b'  324 |     sl_u8  payload[\x1b[01;35m\x1b[K0\x1b[m\x1b[K];\n'}
[5.261018] (sllidar_ros2) StderrLine: {'line': b'      |                    \x1b[01;35m\x1b[K^\x1b[m\x1b[K\n'}
[5.261043] (sllidar_ros2) StderrLine: {'line': b'In file included from \x1b[01m\x1b[K/home/glance/ros2_ws/src/sllidar_ros2/./sdk/include/rplidar_protocol.h:36\x1b[m\x1b[K,\n'}
[5.261065] (sllidar_ros2) StderrLine: {'line': b'                 from \x1b[01m\x1b[K/home/glance/ros2_ws/src/sllidar_ros2/./sdk/include/rplidar.h:39\x1b[m\x1b[K,\n'}
[5.261087] (sllidar_ros2) StderrLine: {'line': b'                 from \x1b[01m\x1b[K/home/glance/ros2_ws/src/sllidar_ros2/./sdk/src/sdkcommon.h:49\x1b[m\x1b[K,\n'}
[5.261109] (sllidar_ros2) StderrLine: {'line': b'                 from \x1b[01m\x1b[K/home/glance/ros2_ws/src/sllidar_ros2/sdk/src/dataunpacker/dataunnpacker_commondef.h:41\x1b[m\x1b[K,\n'}
[5.261131] (sllidar_ros2) StderrLine: {'line': b'                 from \x1b[01m\x1b[K/home/glance/ros2_ws/src/sllidar_ros2/sdk/src/dataunpacker/dataunpacker.cpp:39\x1b[m\x1b[K:\n'}
[5.261151] (sllidar_ros2) StderrLine: {'line': b'\x1b[01m\x1b[K/home/glance/ros2_ws/src/sllidar_ros2/./sdk/include/sl_lidar_protocol.h:66:16:\x1b[m\x1b[K \x1b[01;35m\x1b[Kwarning: \x1b[m\x1b[KISO C++ forbids zero-size array \xe2\x80\x98\x1b[01m\x1b[Kdata\x1b[m\x1b[K\xe2\x80\x99 [\x1b[01;35m\x1b[K\x1b]8;;https://gcc.gnu.org/onlinedocs/gcc/Warning-Options.html#index-Wpedantic\x07-Wpedantic\x1b]8;;\x07\x1b[m\x1b[K]\n'}
[5.261173] (sllidar_ros2) StderrLine: {'line': b'   66 |     sl_u8 data[\x1b[01;35m\x1b[K0\x1b[m\x1b[K];\n'}
[5.261195] (sllidar_ros2) StderrLine: {'line': b'      |                \x1b[01;35m\x1b[K^\x1b[m\x1b[K\n'}
[5.261241] (sllidar_ros2) StderrLine: {'line': b'In file included from \x1b[01m\x1b[K/home/glance/ros2_ws/src/sllidar_ros2/./sdk/include/rplidar_protocol.h:36\x1b[m\x1b[K,\n'}
[5.261278] (sllidar_ros2) StderrLine: {'line': b'                 from \x1b[01m\x1b[K/home/glance/ros2_ws/src/sllidar_ros2/./sdk/include/rplidar.h:39\x1b[m\x1b[K,\n'}
[5.261305] (sllidar_ros2) StderrLine: {'line': b'                 from \x1b[01m\x1b[K/home/glance/ros2_ws/src/sllidar_ros2/./sdk/src/sdkcommon.h:49\x1b[m\x1b[K,\n'}
[5.261330] (sllidar_ros2) StderrLine: {'line': b'                 from \x1b[01m\x1b[K/home/glance/ros2_ws/src/sllidar_ros2/sdk/src/arch/linux/net_socket.cpp:10\x1b[m\x1b[K:\n'}
[5.261358] (sllidar_ros2) StderrLine: {'line': b'\x1b[01m\x1b[K/home/glance/ros2_ws/src/sllidar_ros2/./sdk/include/sl_lidar_protocol.h:66:16:\x1b[m\x1b[K \x1b[01;35m\x1b[Kwarning: \x1b[m\x1b[KISO C++ forbids zero-size array \xe2\x80\x98\x1b[01m\x1b[Kdata\x1b[m\x1b[K\xe2\x80\x99 [\x1b[01;35m\x1b[K\x1b]8;;https://gcc.gnu.org/onlinedocs/gcc/Warning-Options.html#index-Wpedantic\x07-Wpedantic\x1b]8;;\x07\x1b[m\x1b[K]\n'}
[5.261389] (sllidar_ros2) StderrLine: {'line': b'   66 |     sl_u8 data[\x1b[01;35m\x1b[K0\x1b[m\x1b[K];\n'}
[5.261412] (sllidar_ros2) StderrLine: {'line': b'      |                \x1b[01;35m\x1b[K^\x1b[m\x1b[K\n'}
[5.261435] (sllidar_ros2) StderrLine: {'line': b'In file included from \x1b[01m\x1b[K/home/glance/ros2_ws/src/sllidar_ros2/./sdk/include/rplidar_cmd.h:36\x1b[m\x1b[K,\n'}
[5.261458] (sllidar_ros2) StderrLine: {'line': b'                 from \x1b[01m\x1b[K/home/glance/ros2_ws/src/sllidar_ros2/./sdk/include/rplidar.h:40\x1b[m\x1b[K,\n'}
[5.261480] (sllidar_ros2) StderrLine: {'line': b'                 from \x1b[01m\x1b[K/home/glance/ros2_ws/src/sllidar_ros2/./sdk/src/sdkcommon.h:49\x1b[m\x1b[K,\n'}
[5.261503] (sllidar_ros2) StderrLine: {'line': b'                 from \x1b[01m\x1b[K/home/glance/ros2_ws/src/sllidar_ros2/sdk/src/dataunpacker/dataunnpacker_commondef.h:41\x1b[m\x1b[K,\n'}
[5.261527] (sllidar_ros2) StderrLine: {'line': b'                 from \x1b[01m\x1b[K/home/glance/ros2_ws/src/sllidar_ros2/sdk/src/dataunpacker/dataunpacker.cpp:39\x1b[m\x1b[K:\n'}
[5.261549] (sllidar_ros2) StderrLine: {'line': b'\x1b[01m\x1b[K/home/glance/ros2_ws/src/sllidar_ros2/./sdk/include/sl_lidar_cmd.h:324:20:\x1b[m\x1b[K \x1b[01;35m\x1b[Kwarning: \x1b[m\x1b[KISO C++ forbids zero-size array \xe2\x80\x98\x1b[01m\x1b[Kpayload\x1b[m\x1b[K\xe2\x80\x99 [\x1b[01;35m\x1b[K\x1b]8;;https://gcc.gnu.org/onlinedocs/gcc/Warning-Options.html#index-Wpedantic\x07-Wpedantic\x1b]8;;\x07\x1b[m\x1b[K]\n'}
[5.261571] (sllidar_ros2) StderrLine: {'line': b'  324 |     sl_u8  payload[\x1b[01;35m\x1b[K0\x1b[m\x1b[K];\n'}
[5.261594] (sllidar_ros2) StderrLine: {'line': b'      |                    \x1b[01;35m\x1b[K^\x1b[m\x1b[K\n'}
[5.261615] (sllidar_ros2) StderrLine: {'line': b'In file included from \x1b[01m\x1b[K/home/glance/ros2_ws/src/sllidar_ros2/./sdk/include/rplidar_cmd.h:36\x1b[m\x1b[K,\n'}
[5.261636] (sllidar_ros2) StderrLine: {'line': b'                 from \x1b[01m\x1b[K/home/glance/ros2_ws/src/sllidar_ros2/./sdk/include/rplidar.h:40\x1b[m\x1b[K,\n'}
[5.261661] (sllidar_ros2) StderrLine: {'line': b'                 from \x1b[01m\x1b[K/home/glance/ros2_ws/src/sllidar_ros2/./sdk/src/sdkcommon.h:49\x1b[m\x1b[K,\n'}
[5.261917] (sllidar_ros2) StderrLine: {'line': b'                 from \x1b[01m\x1b[K/home/glance/ros2_ws/src/sllidar_ros2/sdk/src/arch/linux/net_socket.cpp:10\x1b[m\x1b[K:\n'}
[5.261963] (sllidar_ros2) StderrLine: {'line': b'\x1b[01m\x1b[K/home/glance/ros2_ws/src/sllidar_ros2/./sdk/include/sl_lidar_cmd.h:324:20:\x1b[m\x1b[K \x1b[01;35m\x1b[Kwarning: \x1b[m\x1b[KISO C++ forbids zero-size array \xe2\x80\x98\x1b[01m\x1b[Kpayload\x1b[m\x1b[K\xe2\x80\x99 [\x1b[01;35m\x1b[K\x1b]8;;https://gcc.gnu.org/onlinedocs/gcc/Warning-Options.html#index-Wpedantic\x07-Wpedantic\x1b]8;;\x07\x1b[m\x1b[K]\n'}
[5.261990] (sllidar_ros2) StderrLine: {'line': b'  324 |     sl_u8  payload[\x1b[01;35m\x1b[K0\x1b[m\x1b[K];\n'}
[5.262012] (sllidar_ros2) StderrLine: {'line': b'      |                    \x1b[01;35m\x1b[K^\x1b[m\x1b[K\n'}
[5.262033] (sllidar_ros2) StderrLine: {'line': b'In file included from \x1b[01m\x1b[K/home/glance/ros2_ws/src/sllidar_ros2/./sdk/include/rplidar_protocol.h:36\x1b[m\x1b[K,\n'}
[5.262059] (sllidar_ros2) StderrLine: {'line': b'                 from \x1b[01m\x1b[K/home/glance/ros2_ws/src/sllidar_ros2/./sdk/include/rplidar.h:39\x1b[m\x1b[K,\n'}
[5.262079] (sllidar_ros2) StderrLine: {'line': b'                 from \x1b[01m\x1b[K/home/glance/ros2_ws/src/sllidar_ros2/sdk/src/sdkcommon.h:49\x1b[m\x1b[K,\n'}
[5.262104] (sllidar_ros2) StderrLine: {'line': b'                 from \x1b[01m\x1b[K/home/glance/ros2_ws/src/sllidar_ros2/sdk/src/rplidar_driver.cpp:33\x1b[m\x1b[K:\n'}
[5.262127] (sllidar_ros2) StderrLine: {'line': b'\x1b[01m\x1b[K/home/glance/ros2_ws/src/sllidar_ros2/./sdk/include/sl_lidar_protocol.h:66:16:\x1b[m\x1b[K \x1b[01;35m\x1b[Kwarning: \x1b[m\x1b[KISO C++ forbids zero-size array \xe2\x80\x98\x1b[01m\x1b[Kdata\x1b[m\x1b[K\xe2\x80\x99 [\x1b[01;35m\x1b[K\x1b]8;;https://gcc.gnu.org/onlinedocs/gcc/Warning-Options.html#index-Wpedantic\x07-Wpedantic\x1b]8;;\x07\x1b[m\x1b[K]\n'}
[5.262150] (sllidar_ros2) StderrLine: {'line': b'   66 |     sl_u8 data[\x1b[01;35m\x1b[K0\x1b[m\x1b[K];\n'}
[5.262170] (sllidar_ros2) StderrLine: {'line': b'      |                \x1b[01;35m\x1b[K^\x1b[m\x1b[K\n'}
[5.262192] (sllidar_ros2) StderrLine: {'line': b'In file included from \x1b[01m\x1b[K/home/glance/ros2_ws/src/sllidar_ros2/./sdk/include/rplidar_cmd.h:36\x1b[m\x1b[K,\n'}
[5.262214] (sllidar_ros2) StderrLine: {'line': b'                 from \x1b[01m\x1b[K/home/glance/ros2_ws/src/sllidar_ros2/./sdk/include/rplidar.h:40\x1b[m\x1b[K,\n'}
[5.262236] (sllidar_ros2) StderrLine: {'line': b'                 from \x1b[01m\x1b[K/home/glance/ros2_ws/src/sllidar_ros2/sdk/src/sdkcommon.h:49\x1b[m\x1b[K,\n'}
[5.262264] (sllidar_ros2) StderrLine: {'line': b'                 from \x1b[01m\x1b[K/home/glance/ros2_ws/src/sllidar_ros2/sdk/src/rplidar_driver.cpp:33\x1b[m\x1b[K:\n'}
[5.262283] (sllidar_ros2) StderrLine: {'line': b'\x1b[01m\x1b[K/home/glance/ros2_ws/src/sllidar_ros2/./sdk/include/sl_lidar_cmd.h:324:20:\x1b[m\x1b[K \x1b[01;35m\x1b[Kwarning: \x1b[m\x1b[KISO C++ forbids zero-size array \xe2\x80\x98\x1b[01m\x1b[Kpayload\x1b[m\x1b[K\xe2\x80\x99 [\x1b[01;35m\x1b[K\x1b]8;;https://gcc.gnu.org/onlinedocs/gcc/Warning-Options.html#index-Wpedantic\x07-Wpedantic\x1b]8;;\x07\x1b[m\x1b[K]\n'}
[5.262306] (sllidar_ros2) StderrLine: {'line': b'  324 |     sl_u8  payload[\x1b[01;35m\x1b[K0\x1b[m\x1b[K];\n'}
[5.262324] (sllidar_ros2) StderrLine: {'line': b'      |                    \x1b[01;35m\x1b[K^\x1b[m\x1b[K\n'}
[5.265782] (sllidar_ros2) StderrLine: {'line': b'In file included from \x1b[01m\x1b[K/home/glance/ros2_ws/src/sllidar_ros2/./sdk/include/rplidar_protocol.h:36\x1b[m\x1b[K,\n'}
[5.265956] (sllidar_ros2) StderrLine: {'line': b'                 from \x1b[01m\x1b[K/home/glance/ros2_ws/src/sllidar_ros2/./sdk/include/rplidar.h:39\x1b[m\x1b[K,\n'}
[5.265994] (sllidar_ros2) StderrLine: {'line': b'                 from \x1b[01m\x1b[K/home/glance/ros2_ws/src/sllidar_ros2/./sdk/src/sdkcommon.h:49\x1b[m\x1b[K,\n'}
[5.266021] (sllidar_ros2) StderrLine: {'line': b'                 from \x1b[01m\x1b[K/home/glance/ros2_ws/src/sllidar_ros2/sdk/src/dataunpacker/unpacker/../dataunnpacker_commondef.h:41\x1b[m\x1b[K,\n'}
[5.266047] (sllidar_ros2) StderrLine: {'line': b'                 from \x1b[01m\x1b[K/home/glance/ros2_ws/src/sllidar_ros2/sdk/src/dataunpacker/unpacker/handler_capsules.cpp:39\x1b[m\x1b[K:\n'}
[5.266074] (sllidar_ros2) StderrLine: {'line': b'\x1b[01m\x1b[K/home/glance/ros2_ws/src/sllidar_ros2/./sdk/include/sl_lidar_protocol.h:66:16:\x1b[m\x1b[K \x1b[01;35m\x1b[Kwarning: \x1b[m\x1b[KISO C++ forbids zero-size array \xe2\x80\x98\x1b[01m\x1b[Kdata\x1b[m\x1b[K\xe2\x80\x99 [\x1b[01;35m\x1b[K\x1b]8;;https://gcc.gnu.org/onlinedocs/gcc/Warning-Options.html#index-Wpedantic\x07-Wpedantic\x1b]8;;\x07\x1b[m\x1b[K]\n'}
[5.266110] (sllidar_ros2) StderrLine: {'line': b'   66 |     sl_u8 data[\x1b[01;35m\x1b[K0\x1b[m\x1b[K];\n'}
[5.266299] (sllidar_ros2) StderrLine: {'line': b'      |                \x1b[01;35m\x1b[K^\x1b[m\x1b[K\n'}
[5.266347] (sllidar_ros2) StderrLine: {'line': b'In file included from \x1b[01m\x1b[K/home/glance/ros2_ws/src/sllidar_ros2/./sdk/include/rplidar_cmd.h:36\x1b[m\x1b[K,\n'}
[5.266378] (sllidar_ros2) StderrLine: {'line': b'                 from \x1b[01m\x1b[K/home/glance/ros2_ws/src/sllidar_ros2/./sdk/include/rplidar.h:40\x1b[m\x1b[K,\n'}
[5.266403] (sllidar_ros2) StderrLine: {'line': b'                 from \x1b[01m\x1b[K/home/glance/ros2_ws/src/sllidar_ros2/./sdk/src/sdkcommon.h:49\x1b[m\x1b[K,\n'}
[5.266455] (sllidar_ros2) StderrLine: {'line': b'                 from \x1b[01m\x1b[K/home/glance/ros2_ws/src/sllidar_ros2/sdk/src/dataunpacker/unpacker/../dataunnpacker_commondef.h:41\x1b[m\x1b[K,\n'}
[5.266481] (sllidar_ros2) StderrLine: {'line': b'                 from \x1b[01m\x1b[K/home/glance/ros2_ws/src/sllidar_ros2/sdk/src/dataunpacker/unpacker/handler_capsules.cpp:39\x1b[m\x1b[K:\n'}
[5.266505] (sllidar_ros2) StderrLine: {'line': b'\x1b[01m\x1b[K/home/glance/ros2_ws/src/sllidar_ros2/./sdk/include/sl_lidar_cmd.h:324:20:\x1b[m\x1b[K \x1b[01;35m\x1b[Kwarning: \x1b[m\x1b[KISO C++ forbids zero-size array \xe2\x80\x98\x1b[01m\x1b[Kpayload\x1b[m\x1b[K\xe2\x80\x99 [\x1b[01;35m\x1b[K\x1b]8;;https://gcc.gnu.org/onlinedocs/gcc/Warning-Options.html#index-Wpedantic\x07-Wpedantic\x1b]8;;\x07\x1b[m\x1b[K]\n'}
[5.266534] (sllidar_ros2) StderrLine: {'line': b'  324 |     sl_u8  payload[\x1b[01;35m\x1b[K0\x1b[m\x1b[K];\n'}
[5.266556] (sllidar_ros2) StderrLine: {'line': b'      |                    \x1b[01;35m\x1b[K^\x1b[m\x1b[K\n'}
[5.284719] (sllidar_ros2) StderrLine: {'line': b'In file included from \x1b[01m\x1b[K/home/glance/ros2_ws/src/sllidar_ros2/sdk/src/hal/thread.cpp:43\x1b[m\x1b[K:\n'}
[5.284886] (sllidar_ros2) StderrLine: {'line': b'\x1b[01m\x1b[K/home/glance/ros2_ws/src/sllidar_ros2/./sdk/src/arch/linux/thread.hpp:\x1b[m\x1b[K In static member function \xe2\x80\x98\x1b[01m\x1b[Kstatic rp::hal::Thread rp::hal::Thread::create(thread_proc_t, void*)\x1b[m\x1b[K\xe2\x80\x99:\n'}
[5.284924] (sllidar_ros2) StderrLine: {'line': b'\x1b[01m\x1b[K/home/glance/ros2_ws/src/sllidar_ros2/./sdk/src/arch/linux/thread.hpp:52:57:\x1b[m\x1b[K \x1b[01;35m\x1b[Kwarning: \x1b[m\x1b[Kcast between incompatible function types from \xe2\x80\x98\x1b[01m\x1b[Kthread_proc_t\x1b[m\x1b[K\xe2\x80\x99 {aka \xe2\x80\x98\x1b[01m\x1b[Klong unsigned int (*)(void*)\x1b[m\x1b[K\xe2\x80\x99} to \xe2\x80\x98\x1b[01m\x1b[Kvoid* (*)(void*)\x1b[m\x1b[K\xe2\x80\x99 [\x1b[01;35m\x1b[K\x1b]8;;https://gcc.gnu.org/onlinedocs/gcc/Warning-Options.html#index-Wcast-function-type\x07-Wcast-function-type\x1b]8;;\x07\x1b[m\x1b[K]\n'}
[5.284957] (sllidar_ros2) StderrLine: {'line': b'   52 |     pthread_create((pthread_t *)&newborn._handle, NULL, \x1b[01;35m\x1b[K(void * (*)(void *))proc\x1b[m\x1b[K, data);\n'}
[5.284985] (sllidar_ros2) StderrLine: {'line': b'      |                                                         \x1b[01;35m\x1b[K^~~~~~~~~~~~~~~~~~~~~~~~\x1b[m\x1b[K\n'}
[5.285199] (sllidar_ros2) StderrLine: {'line': b'\x1b[01m\x1b[K/home/glance/ros2_ws/src/sllidar_ros2/./sdk/src/arch/linux/thread.hpp:\x1b[m\x1b[K In member function \xe2\x80\x98\x1b[01m\x1b[Ku_result rp::hal::Thread::join(long unsigned int)\x1b[m\x1b[K\xe2\x80\x99:\n'}
[5.285283] (sllidar_ros2) StderrLine: {'line': b'\x1b[01m\x1b[K/home/glance/ros2_ws/src/sllidar_ros2/./sdk/src/arch/linux/thread.hpp:176:37:\x1b[m\x1b[K \x1b[01;35m\x1b[Kwarning: \x1b[m\x1b[Kunused parameter \xe2\x80\x98\x1b[01m\x1b[Ktimeout\x1b[m\x1b[K\xe2\x80\x99 [\x1b[01;35m\x1b[K\x1b]8;;https://gcc.gnu.org/onlinedocs/gcc/Warning-Options.html#index-Wunused-parameter\x07-Wunused-parameter\x1b]8;;\x07\x1b[m\x1b[K]\n'}
[5.285321] (sllidar_ros2) StderrLine: {'line': b'  176 | u_result Thread::join(\x1b[01;35m\x1b[Kunsigned long timeout\x1b[m\x1b[K)\n'}
[5.285347] (sllidar_ros2) StderrLine: {'line': b'      |                       \x1b[01;35m\x1b[K~~~~~~~~~~~~~~^~~~~~~\x1b[m\x1b[K\n'}
[5.298886] (sllidar_ros2) StderrLine: {'line': b'In file included from \x1b[01m\x1b[K/home/glance/ros2_ws/src/sllidar_ros2/./sdk/src/arch/linux/arch_linux.h:42\x1b[m\x1b[K,\n'}
[5.299106] (sllidar_ros2) StderrLine: {'line': b'                 from \x1b[01m\x1b[K/home/glance/ros2_ws/src/sllidar_ros2/./sdk/src/sdkcommon.h:41\x1b[m\x1b[K,\n'}
[5.299156] (sllidar_ros2) StderrLine: {'line': b'                 from \x1b[01m\x1b[K/home/glance/ros2_ws/src/sllidar_ros2/sdk/src/arch/linux/net_socket.cpp:10\x1b[m\x1b[K:\n'}
[5.299192] (sllidar_ros2) StderrLine: {'line': b'\x1b[01m\x1b[K/home/glance/ros2_ws/src/sllidar_ros2/sdk/src/arch/linux/net_socket.cpp:\x1b[m\x1b[K In member function \xe2\x80\x98\x1b[01m\x1b[Kvirtual u_result rp::arch::net::DGramSocketImpl::sendTo(const rp::net::SocketAddress*, const void*, size_t)\x1b[m\x1b[K\xe2\x80\x99:\n'}
[5.299247] (sllidar_ros2) StderrLine: {'line': b'\x1b[01m\x1b[K/home/glance/ros2_ws/src/sllidar_ros2/sdk/src/arch/linux/net_socket.cpp:733:24:\x1b[m\x1b[K \x1b[01;35m\x1b[Kwarning: \x1b[m\x1b[Kcomparison of integer expressions of different signedness: \xe2\x80\x98\x1b[01m\x1b[Kint\x1b[m\x1b[K\xe2\x80\x99 and \xe2\x80\x98\x1b[01m\x1b[Ksize_t\x1b[m\x1b[K\xe2\x80\x99 {aka \xe2\x80\x98\x1b[01m\x1b[Klong unsigned int\x1b[m\x1b[K\xe2\x80\x99} [\x1b[01;35m\x1b[K\x1b]8;;https://gcc.gnu.org/onlinedocs/gcc/Warning-Options.html#index-Wsign-compare\x07-Wsign-compare\x1b]8;;\x07\x1b[m\x1b[K]\n'}
[5.299308] (sllidar_ros2) StderrLine: {'line': b'  733 |             assert(\x1b[01;35m\x1b[Kans == len\x1b[m\x1b[K);\n'}
[5.299350] (sllidar_ros2) StderrLine: {'line': b'      |                    \x1b[01;35m\x1b[K~~~~^~~~~~\x1b[m\x1b[K\n'}
[5.313415] (sllidar_ros2) StderrLine: {'line': b'In file included from \x1b[01m\x1b[K/home/glance/ros2_ws/src/sllidar_ros2/sdk/src/sl_async_transceiver.cpp:44\x1b[m\x1b[K:\n'}
[5.313735] (sllidar_ros2) StderrLine: {'line': b'\x1b[01m\x1b[K/home/glance/ros2_ws/src/sllidar_ros2/sdk/src/sl_async_transceiver.h:\x1b[m\x1b[K In member function \xe2\x80\x98\x1b[01m\x1b[Kvirtual void sl::internal::IAsyncProtocolCodec::onChannelError(u_result)\x1b[m\x1b[K\xe2\x80\x99:\n'}
[5.313797] (sllidar_ros2) StderrLine: {'line': b'\x1b[01m\x1b[K/home/glance/ros2_ws/src/sllidar_ros2/sdk/src/sl_async_transceiver.h:90:48:\x1b[m\x1b[K \x1b[01;35m\x1b[Kwarning: \x1b[m\x1b[Kunused parameter \xe2\x80\x98\x1b[01m\x1b[KerrCode\x1b[m\x1b[K\xe2\x80\x99 [\x1b[01;35m\x1b[K\x1b]8;;https://gcc.gnu.org/onlinedocs/gcc/Warning-Options.html#index-Wunused-parameter\x07-Wunused-parameter\x1b]8;;\x07\x1b[m\x1b[K]\n'}
[5.313839] (sllidar_ros2) StderrLine: {'line': b'   90 |         virtual void   onChannelError(\x1b[01;35m\x1b[Ku_result errCode\x1b[m\x1b[K) {}\n'}
[5.313875] (sllidar_ros2) StderrLine: {'line': b'      |                                       \x1b[01;35m\x1b[K~~~~~~~~~^~~~~~~\x1b[m\x1b[K\n'}
[5.317195] (-) TimerEvent: {}
[5.366179] (sllidar_ros2) StderrLine: {'line': b'\x1b[01m\x1b[K/home/glance/ros2_ws/src/sllidar_ros2/sdk/src/arch/linux/net_serial.cpp:\x1b[m\x1b[K In member function \xe2\x80\x98\x1b[01m\x1b[Kbool rp::arch::net::raw_serial::open(const char*, uint32_t, uint32_t)\x1b[m\x1b[K\xe2\x80\x99:\n'}
[5.366375] (sllidar_ros2) StderrLine: {'line': b'\x1b[01m\x1b[K/home/glance/ros2_ws/src/sllidar_ros2/sdk/src/arch/linux/net_serial.cpp:97:74:\x1b[m\x1b[K \x1b[01;35m\x1b[Kwarning: \x1b[m\x1b[Kunused parameter \xe2\x80\x98\x1b[01m\x1b[Kflags\x1b[m\x1b[K\xe2\x80\x99 [\x1b[01;35m\x1b[K\x1b]8;;https://gcc.gnu.org/onlinedocs/gcc/Warning-Options.html#index-Wunused-parameter\x07-Wunused-parameter\x1b]8;;\x07\x1b[m\x1b[K]\n'}
[5.366413] (sllidar_ros2) StderrLine: {'line': b'   97 | bool raw_serial::open(const char * portname, uint32_t baudrate, \x1b[01;35m\x1b[Kuint32_t flags\x1b[m\x1b[K)\n'}
[5.366441] (sllidar_ros2) StderrLine: {'line': b'      |                                                                 \x1b[01;35m\x1b[K~~~~~~~~~^~~~~\x1b[m\x1b[K\n'}
[5.366741] (sllidar_ros2) StderrLine: {'line': b'\x1b[01m\x1b[K/home/glance/ros2_ws/src/sllidar_ros2/sdk/src/arch/linux/net_serial.cpp:\x1b[m\x1b[K In member function \xe2\x80\x98\x1b[01m\x1b[Kvirtual void rp::arch::net::raw_serial::flush(_u32)\x1b[m\x1b[K\xe2\x80\x99:\n'}
[5.366819] (sllidar_ros2) StderrLine: {'line': b'\x1b[01m\x1b[K/home/glance/ros2_ws/src/sllidar_ros2/sdk/src/arch/linux/net_serial.cpp:281:30:\x1b[m\x1b[K \x1b[01;35m\x1b[Kwarning: \x1b[m\x1b[Kunused parameter \xe2\x80\x98\x1b[01m\x1b[Kflags\x1b[m\x1b[K\xe2\x80\x99 [\x1b[01;35m\x1b[K\x1b]8;;https://gcc.gnu.org/onlinedocs/gcc/Warning-Options.html#index-Wunused-parameter\x07-Wunused-parameter\x1b]8;;\x07\x1b[m\x1b[K]\n'}
[5.366997] (sllidar_ros2) StderrLine: {'line': b'  281 | void raw_serial::flush( \x1b[01;35m\x1b[K_u32 flags\x1b[m\x1b[K)\n'}
[5.367313] (sllidar_ros2) StderrLine: {'line': b'      |                         \x1b[01;35m\x1b[K~~~~~^~~~~\x1b[m\x1b[K\n'}
[5.367370] (sllidar_ros2) StderrLine: {'line': b'\x1b[01m\x1b[K/home/glance/ros2_ws/src/sllidar_ros2/sdk/src/arch/linux/net_serial.cpp:\x1b[m\x1b[K In member function \xe2\x80\x98\x1b[01m\x1b[Kvirtual int rp::arch::net::raw_serial::waitforsent(_u32, size_t*)\x1b[m\x1b[K\xe2\x80\x99:\n'}
[5.367401] (sllidar_ros2) StderrLine: {'line': b'\x1b[01m\x1b[K/home/glance/ros2_ws/src/sllidar_ros2/sdk/src/arch/linux/net_serial.cpp:286:34:\x1b[m\x1b[K \x1b[01;35m\x1b[Kwarning: \x1b[m\x1b[Kunused parameter \xe2\x80\x98\x1b[01m\x1b[Ktimeout\x1b[m\x1b[K\xe2\x80\x99 [\x1b[01;35m\x1b[K\x1b]8;;https://gcc.gnu.org/onlinedocs/gcc/Warning-Options.html#index-Wunused-parameter\x07-Wunused-parameter\x1b]8;;\x07\x1b[m\x1b[K]\n'}
[5.367429] (sllidar_ros2) StderrLine: {'line': b'  286 | int raw_serial::waitforsent(\x1b[01;35m\x1b[K_u32 timeout\x1b[m\x1b[K, size_t * returned_size)\n'}
[5.367454] (sllidar_ros2) StderrLine: {'line': b'      |                             \x1b[01;35m\x1b[K~~~~~^~~~~~~\x1b[m\x1b[K\n'}
[5.367485] (sllidar_ros2) StderrLine: {'line': b'\x1b[01m\x1b[K/home/glance/ros2_ws/src/sllidar_ros2/sdk/src/arch/linux/net_serial.cpp:\x1b[m\x1b[K In member function \xe2\x80\x98\x1b[01m\x1b[Kvirtual int rp::arch::net::raw_serial::waitforrecv(_u32, size_t*)\x1b[m\x1b[K\xe2\x80\x99:\n'}
[5.367508] (sllidar_ros2) StderrLine: {'line': b'\x1b[01m\x1b[K/home/glance/ros2_ws/src/sllidar_ros2/sdk/src/arch/linux/net_serial.cpp:292:34:\x1b[m\x1b[K \x1b[01;35m\x1b[Kwarning: \x1b[m\x1b[Kunused parameter \xe2\x80\x98\x1b[01m\x1b[Ktimeout\x1b[m\x1b[K\xe2\x80\x99 [\x1b[01;35m\x1b[K\x1b]8;;https://gcc.gnu.org/onlinedocs/gcc/Warning-Options.html#index-Wunused-parameter\x07-Wunused-parameter\x1b]8;;\x07\x1b[m\x1b[K]\n'}
[5.367536] (sllidar_ros2) StderrLine: {'line': b'  292 | int raw_serial::waitforrecv(\x1b[01;35m\x1b[K_u32 timeout\x1b[m\x1b[K, size_t * returned_size)\n'}
[5.367558] (sllidar_ros2) StderrLine: {'line': b'      |                             \x1b[01;35m\x1b[K~~~~~^~~~~~~\x1b[m\x1b[K\n'}
[5.368998] (sllidar_ros2) StderrLine: {'line': b'\x1b[01m\x1b[K/home/glance/ros2_ws/src/sllidar_ros2/sdk/src/arch/linux/net_serial.cpp:\x1b[m\x1b[K In member function \xe2\x80\x98\x1b[01m\x1b[Kvirtual void rp::arch::net::raw_serial::cancelOperation()\x1b[m\x1b[K\xe2\x80\x99:\n'}
[5.369140] (sllidar_ros2) StderrLine: {'line': b'\x1b[01m\x1b[K/home/glance/ros2_ws/src/sllidar_ros2/sdk/src/arch/linux/net_serial.cpp:427:5:\x1b[m\x1b[K \x1b[01;35m\x1b[Kwarning: \x1b[m\x1b[Kvalue computed is not used [\x1b[01;35m\x1b[K\x1b]8;;https://gcc.gnu.org/onlinedocs/gcc/Warning-Options.html#index-Wunused-value\x07-Wunused-value\x1b]8;;\x07\x1b[m\x1b[K]\n'}
[5.369177] (sllidar_ros2) StderrLine: {'line': b'  427 |     \x1b[01;35m\x1b[K(int)::write(_selfpipe[1], "x", 1)\x1b[m\x1b[K;\n'}
[5.369236] (sllidar_ros2) StderrLine: {'line': b'      |     \x1b[01;35m\x1b[K^~~~~~~~~~~~~~~~~~~~~~~~~~~~~~~~~~\x1b[m\x1b[K\n'}
[5.403212] (sllidar_ros2) StderrLine: {'line': b'\x1b[01m\x1b[K/home/glance/ros2_ws/src/sllidar_ros2/sdk/src/rplidar_driver.cpp:\x1b[m\x1b[K In member function \xe2\x80\x98\x1b[01m\x1b[Ku_result rp::standalone::rplidar::RPlidarDriver::connect(const char*, _u32, _u32)\x1b[m\x1b[K\xe2\x80\x99:\n'}
[5.403511] (sllidar_ros2) StderrLine: {'line': b'\x1b[01m\x1b[K/home/glance/ros2_ws/src/sllidar_ros2/sdk/src/rplidar_driver.cpp:67:77:\x1b[m\x1b[K \x1b[01;35m\x1b[Kwarning: \x1b[m\x1b[Kunused parameter \xe2\x80\x98\x1b[01m\x1b[Kflag\x1b[m\x1b[K\xe2\x80\x99 [\x1b[01;35m\x1b[K\x1b]8;;https://gcc.gnu.org/onlinedocs/gcc/Warning-Options.html#index-Wunused-parameter\x07-Wunused-parameter\x1b]8;;\x07\x1b[m\x1b[K]\n'}
[5.403557] (sllidar_ros2) StderrLine: {'line': b'   67 |     u_result RPlidarDriver::connect(const char *path, _u32 portOrBaud, \x1b[01;35m\x1b[K_u32 flag\x1b[m\x1b[K)\n'}
[5.403591] (sllidar_ros2) StderrLine: {'line': b'      |                                                                        \x1b[01;35m\x1b[K~~~~~^~~~\x1b[m\x1b[K\n'}
[5.403621] (sllidar_ros2) StderrLine: {'line': b'\x1b[01m\x1b[K/home/glance/ros2_ws/src/sllidar_ros2/sdk/src/rplidar_driver.cpp:\x1b[m\x1b[K In member function \xe2\x80\x98\x1b[01m\x1b[Ku_result rp::standalone::rplidar::RPlidarDriver::reset(_u32)\x1b[m\x1b[K\xe2\x80\x99:\n'}
[5.403649] (sllidar_ros2) StderrLine: {'line': b'\x1b[01m\x1b[K/home/glance/ros2_ws/src/sllidar_ros2/sdk/src/rplidar_driver.cpp:101:40:\x1b[m\x1b[K \x1b[01;35m\x1b[Kwarning: \x1b[m\x1b[Kunused parameter \xe2\x80\x98\x1b[01m\x1b[Ktimeout\x1b[m\x1b[K\xe2\x80\x99 [\x1b[01;35m\x1b[K\x1b]8;;https://gcc.gnu.org/onlinedocs/gcc/Warning-Options.html#index-Wunused-parameter\x07-Wunused-parameter\x1b]8;;\x07\x1b[m\x1b[K]\n'}
[5.403676] (sllidar_ros2) StderrLine: {'line': b'  101 |     u_result RPlidarDriver::reset(\x1b[01;35m\x1b[K_u32 timeout\x1b[m\x1b[K)\n'}
[5.403698] (sllidar_ros2) StderrLine: {'line': b'      |                                   \x1b[01;35m\x1b[K~~~~~^~~~~~~\x1b[m\x1b[K\n'}
[5.404074] (sllidar_ros2) StderrLine: {'line': b'\x1b[01m\x1b[K/home/glance/ros2_ws/src/sllidar_ros2/sdk/src/rplidar_driver.cpp:\x1b[m\x1b[K In member function \xe2\x80\x98\x1b[01m\x1b[Ku_result rp::standalone::rplidar::RPlidarDriver::getScanDataWithInterval(rplidar_response_measurement_node_t*, size_t&)\x1b[m\x1b[K\xe2\x80\x99:\n'}
[5.404180] (sllidar_ros2) StderrLine: {'line': b'\x1b[01m\x1b[K/home/glance/ros2_ws/src/sllidar_ros2/sdk/src/rplidar_driver.cpp:180:91:\x1b[m\x1b[K \x1b[01;35m\x1b[Kwarning: \x1b[m\x1b[Kunused parameter \xe2\x80\x98\x1b[01m\x1b[Knodebuffer\x1b[m\x1b[K\xe2\x80\x99 [\x1b[01;35m\x1b[K\x1b]8;;https://gcc.gnu.org/onlinedocs/gcc/Warning-Options.html#index-Wunused-parameter\x07-Wunused-parameter\x1b]8;;\x07\x1b[m\x1b[K]\n'}
[5.404219] (sllidar_ros2) StderrLine: {'line': b'  180 |     u_result RPlidarDriver::getScanDataWithInterval(\x1b[01;35m\x1b[Krplidar_response_measurement_node_t * nodebuffer\x1b[m\x1b[K, size_t & count)\n'}
[5.404305] (sllidar_ros2) StderrLine: {'line': b'      |                                                     \x1b[01;35m\x1b[K~~~~~~~~~~~~~~~~~~~~~~~~~~~~~~~~~~~~~~^~~~~~~~~~\x1b[m\x1b[K\n'}
[5.404376] (sllidar_ros2) StderrLine: {'line': b'\x1b[01m\x1b[K/home/glance/ros2_ws/src/sllidar_ros2/sdk/src/rplidar_driver.cpp:180:112:\x1b[m\x1b[K \x1b[01;35m\x1b[Kwarning: \x1b[m\x1b[Kunused parameter \xe2\x80\x98\x1b[01m\x1b[Kcount\x1b[m\x1b[K\xe2\x80\x99 [\x1b[01;35m\x1b[K\x1b]8;;https://gcc.gnu.org/onlinedocs/gcc/Warning-Options.html#index-Wunused-parameter\x07-Wunused-parameter\x1b]8;;\x07\x1b[m\x1b[K]\n'}
[5.404464] (sllidar_ros2) StderrLine: {'line': b'  180 |     u_result RPlidarDriver::getScanDataWithInterval(rplidar_response_measurement_node_t * nodebuffer, \x1b[01;35m\x1b[Ksize_t & count\x1b[m\x1b[K)\n'}
[5.404504] (sllidar_ros2) StderrLine: {'line': b'      |                                                                                                       \x1b[01;35m\x1b[K~~~~~~~~~^~~~~\x1b[m\x1b[K\n'}
[5.412165] (sllidar_ros2) StderrLine: {'line': b'In file included from \x1b[01m\x1b[K/home/glance/ros2_ws/src/sllidar_ros2/sdk/src/dataunpacker/unpacker/handler_normalnode.cpp:40\x1b[m\x1b[K:\n'}
[5.412359] (sllidar_ros2) StderrLine: {'line': b'\x1b[01m\x1b[K/home/glance/ros2_ws/src/sllidar_ros2/sdk/src/dataunpacker/unpacker/../dataunpacker.h:\x1b[m\x1b[K In member function \xe2\x80\x98\x1b[01m\x1b[Kvirtual void sl::internal::LIDARSampleDataListener::onCustomSampleDataDecoded(_u8, _u32, const void*, size_t)\x1b[m\x1b[K\xe2\x80\x99:\n'}
[5.412492] (sllidar_ros2) StderrLine: {'line': b'\x1b[01m\x1b[K/home/glance/ros2_ws/src/sllidar_ros2/sdk/src/dataunpacker/unpacker/../dataunpacker.h:54:52:\x1b[m\x1b[K \x1b[01;35m\x1b[Kwarning: \x1b[m\x1b[Kunused parameter \xe2\x80\x98\x1b[01m\x1b[KansType\x1b[m\x1b[K\xe2\x80\x99 [\x1b[01;35m\x1b[K\x1b]8;;https://gcc.gnu.org/onlinedocs/gcc/Warning-Options.html#index-Wunused-parameter\x07-Wunused-parameter\x1b]8;;\x07\x1b[m\x1b[K]\n'}
[5.412566] (sllidar_ros2) StderrLine: {'line': b'   54 |         virtual void onCustomSampleDataDecoded(\x1b[01;35m\x1b[K_u8 ansType\x1b[m\x1b[K, _u32 customCode, const void* data, size_t size) {}\n'}
[5.412636] (sllidar_ros2) StderrLine: {'line': b'      |                                                \x1b[01;35m\x1b[K~~~~^~~~~~~\x1b[m\x1b[K\n'}
[5.412664] (sllidar_ros2) StderrLine: {'line': b'\x1b[01m\x1b[K/home/glance/ros2_ws/src/sllidar_ros2/sdk/src/dataunpacker/unpacker/../dataunpacker.h:54:66:\x1b[m\x1b[K \x1b[01;35m\x1b[Kwarning: \x1b[m\x1b[Kunused parameter \xe2\x80\x98\x1b[01m\x1b[KcustomCode\x1b[m\x1b[K\xe2\x80\x99 [\x1b[01;35m\x1b[K\x1b]8;;https://gcc.gnu.org/onlinedocs/gcc/Warning-Options.html#index-Wunused-parameter\x07-Wunused-parameter\x1b]8;;\x07\x1b[m\x1b[K]\n'}
[5.412880] (sllidar_ros2) StderrLine: {'line': b'   54 |         virtual void onCustomSampleDataDecoded(_u8 ansType, \x1b[01;35m\x1b[K_u32 customCode\x1b[m\x1b[K, const void* data, size_t size) {}\n'}
[5.412949] (sllidar_ros2) StderrLine: {'line': b'      |                                                             \x1b[01;35m\x1b[K~~~~~^~~~~~~~~~\x1b[m\x1b[K\n'}
[5.412978] (sllidar_ros2) StderrLine: {'line': b'\x1b[01m\x1b[K/home/glance/ros2_ws/src/sllidar_ros2/sdk/src/dataunpacker/unpacker/../dataunpacker.h:54:90:\x1b[m\x1b[K \x1b[01;35m\x1b[Kwarning: \x1b[m\x1b[Kunused parameter \xe2\x80\x98\x1b[01m\x1b[Kdata\x1b[m\x1b[K\xe2\x80\x99 [\x1b[01;35m\x1b[K\x1b]8;;https://gcc.gnu.org/onlinedocs/gcc/Warning-Options.html#index-Wunused-parameter\x07-Wunused-parameter\x1b]8;;\x07\x1b[m\x1b[K]\n'}
[5.413006] (sllidar_ros2) StderrLine: {'line': b'   54 |         virtual void onCustomSampleDataDecoded(_u8 ansType, _u32 customCode, \x1b[01;35m\x1b[Kconst void* data\x1b[m\x1b[K, size_t size) {}\n'}
[5.413029] (sllidar_ros2) StderrLine: {'line': b'      |                                                                              \x1b[01;35m\x1b[K~~~~~~~~~~~~^~~~\x1b[m\x1b[K\n'}
[5.413052] (sllidar_ros2) StderrLine: {'line': b'\x1b[01m\x1b[K/home/glance/ros2_ws/src/sllidar_ros2/sdk/src/dataunpacker/unpacker/../dataunpacker.h:54:103:\x1b[m\x1b[K \x1b[01;35m\x1b[Kwarning: \x1b[m\x1b[Kunused parameter \xe2\x80\x98\x1b[01m\x1b[Ksize\x1b[m\x1b[K\xe2\x80\x99 [\x1b[01;35m\x1b[K\x1b]8;;https://gcc.gnu.org/onlinedocs/gcc/Warning-Options.html#index-Wunused-parameter\x07-Wunused-parameter\x1b]8;;\x07\x1b[m\x1b[K]\n'}
[5.413075] (sllidar_ros2) StderrLine: {'line': b'   54 |         virtual void onCustomSampleDataDecoded(_u8 ansType, _u32 customCode, const void* data, \x1b[01;35m\x1b[Ksize_t size\x1b[m\x1b[K) {}\n'}
[5.413097] (sllidar_ros2) StderrLine: {'line': b'      |                                                                                                \x1b[01;35m\x1b[K~~~~~~~^~~~\x1b[m\x1b[K\n'}
[5.413116] (sllidar_ros2) StderrLine: {'line': b'\x1b[01m\x1b[K/home/glance/ros2_ws/src/sllidar_ros2/sdk/src/dataunpacker/unpacker/../dataunpacker.h:\x1b[m\x1b[K In member function \xe2\x80\x98\x1b[01m\x1b[Kvirtual void sl::internal::LIDARSampleDataListener::onDecodingError(int, _u8, const void*, size_t)\x1b[m\x1b[K\xe2\x80\x99:\n'}
[5.413140] (sllidar_ros2) StderrLine: {'line': b'\x1b[01m\x1b[K/home/glance/ros2_ws/src/sllidar_ros2/sdk/src/dataunpacker/unpacker/../dataunpacker.h:56:42:\x1b[m\x1b[K \x1b[01;35m\x1b[Kwarning: \x1b[m\x1b[Kunused parameter \xe2\x80\x98\x1b[01m\x1b[KerrMsg\x1b[m\x1b[K\xe2\x80\x99 [\x1b[01;35m\x1b[K\x1b]8;;https://gcc.gnu.org/onlinedocs/gcc/Warning-Options.html#index-Wunused-parameter\x07-Wunused-parameter\x1b]8;;\x07\x1b[m\x1b[K]\n'}
[5.413164] (sllidar_ros2) StderrLine: {'line': b'   56 |         virtual void onDecodingError(\x1b[01;35m\x1b[Kint errMsg\x1b[m\x1b[K, _u8 ansType, const void* payload, size_t size) {}\n'}
[5.413187] (sllidar_ros2) StderrLine: {'line': b'      |                                      \x1b[01;35m\x1b[K~~~~^~~~~~\x1b[m\x1b[K\n'}
[5.413209] (sllidar_ros2) StderrLine: {'line': b'\x1b[01m\x1b[K/home/glance/ros2_ws/src/sllidar_ros2/sdk/src/dataunpacker/unpacker/../dataunpacker.h:56:54:\x1b[m\x1b[K \x1b[01;35m\x1b[Kwarning: \x1b[m\x1b[Kunused parameter \xe2\x80\x98\x1b[01m\x1b[KansType\x1b[m\x1b[K\xe2\x80\x99 [\x1b[01;35m\x1b[K\x1b]8;;https://gcc.gnu.org/onlinedocs/gcc/Warning-Options.html#index-Wunused-parameter\x07-Wunused-parameter\x1b]8;;\x07\x1b[m\x1b[K]\n'}
[5.413238] (sllidar_ros2) StderrLine: {'line': b'   56 |         virtual void onDecodingError(int errMsg, \x1b[01;35m\x1b[K_u8 ansType\x1b[m\x1b[K, const void* payload, size_t size) {}\n'}
[5.413258] (sllidar_ros2) StderrLine: {'line': b'      |                                                  \x1b[01;35m\x1b[K~~~~^~~~~~~\x1b[m\x1b[K\n'}
[5.413280] (sllidar_ros2) StderrLine: {'line': b'\x1b[01m\x1b[K/home/glance/ros2_ws/src/sllidar_ros2/sdk/src/dataunpacker/unpacker/../dataunpacker.h:56:75:\x1b[m\x1b[K \x1b[01;35m\x1b[Kwarning: \x1b[m\x1b[Kunused parameter \xe2\x80\x98\x1b[01m\x1b[Kpayload\x1b[m\x1b[K\xe2\x80\x99 [\x1b[01;35m\x1b[K\x1b]8;;https://gcc.gnu.org/onlinedocs/gcc/Warning-Options.html#index-Wunused-parameter\x07-Wunused-parameter\x1b]8;;\x07\x1b[m\x1b[K]\n'}
[5.413302] (sllidar_ros2) StderrLine: {'line': b'   56 |         virtual void onDecodingError(int errMsg, _u8 ansType, \x1b[01;35m\x1b[Kconst void* payload\x1b[m\x1b[K, size_t size) {}\n'}
[5.413324] (sllidar_ros2) StderrLine: {'line': b'      |                                                               \x1b[01;35m\x1b[K~~~~~~~~~~~~^~~~~~~\x1b[m\x1b[K\n'}
[5.413343] (sllidar_ros2) StderrLine: {'line': b'\x1b[01m\x1b[K/home/glance/ros2_ws/src/sllidar_ros2/sdk/src/dataunpacker/unpacker/../dataunpacker.h:56:91:\x1b[m\x1b[K \x1b[01;35m\x1b[Kwarning: \x1b[m\x1b[Kunused parameter \xe2\x80\x98\x1b[01m\x1b[Ksize\x1b[m\x1b[K\xe2\x80\x99 [\x1b[01;35m\x1b[K\x1b]8;;https://gcc.gnu.org/onlinedocs/gcc/Warning-Options.html#index-Wunused-parameter\x07-Wunused-parameter\x1b]8;;\x07\x1b[m\x1b[K]\n'}
[5.413365] (sllidar_ros2) StderrLine: {'line': b'   56 |         virtual void onDecodingError(int errMsg, _u8 ansType, const void* payload, \x1b[01;35m\x1b[Ksize_t size\x1b[m\x1b[K) {}\n'}
[5.413388] (sllidar_ros2) StderrLine: {'line': b'      |                                                                                    \x1b[01;35m\x1b[K~~~~~~~^~~~\x1b[m\x1b[K\n'}
[5.414008] (sllidar_ros2) StderrLine: {'line': b'In file included from \x1b[01m\x1b[K/home/glance/ros2_ws/src/sllidar_ros2/sdk/src/dataunpacker/unpacker/handler_hqnode.cpp:40\x1b[m\x1b[K:\n'}
[5.414325] (sllidar_ros2) StderrLine: {'line': b'\x1b[01m\x1b[K/home/glance/ros2_ws/src/sllidar_ros2/sdk/src/dataunpacker/unpacker/../dataunpacker.h:\x1b[m\x1b[K In member function \xe2\x80\x98\x1b[01m\x1b[Kvirtual void sl::internal::LIDARSampleDataListener::onCustomSampleDataDecoded(_u8, _u32, const void*, size_t)\x1b[m\x1b[K\xe2\x80\x99:\n'}
[5.414455] (sllidar_ros2) StderrLine: {'line': b'\x1b[01m\x1b[K/home/glance/ros2_ws/src/sllidar_ros2/sdk/src/dataunpacker/unpacker/../dataunpacker.h:54:52:\x1b[m\x1b[K \x1b[01;35m\x1b[Kwarning: \x1b[m\x1b[Kunused parameter \xe2\x80\x98\x1b[01m\x1b[KansType\x1b[m\x1b[K\xe2\x80\x99 [\x1b[01;35m\x1b[K\x1b]8;;https://gcc.gnu.org/onlinedocs/gcc/Warning-Options.html#index-Wunused-parameter\x07-Wunused-parameter\x1b]8;;\x07\x1b[m\x1b[K]\n'}
[5.414512] (sllidar_ros2) StderrLine: {'line': b'   54 |         virtual void onCustomSampleDataDecoded(\x1b[01;35m\x1b[K_u8 ansType\x1b[m\x1b[K, _u32 customCode, const void* data, size_t size) {}\n'}
[5.414547] (sllidar_ros2) StderrLine: {'line': b'      |                                                \x1b[01;35m\x1b[K~~~~^~~~~~~\x1b[m\x1b[K\n'}
[5.414572] (sllidar_ros2) StderrLine: {'line': b'\x1b[01m\x1b[K/home/glance/ros2_ws/src/sllidar_ros2/sdk/src/dataunpacker/unpacker/../dataunpacker.h:54:66:\x1b[m\x1b[K \x1b[01;35m\x1b[Kwarning: \x1b[m\x1b[Kunused parameter \xe2\x80\x98\x1b[01m\x1b[KcustomCode\x1b[m\x1b[K\xe2\x80\x99 [\x1b[01;35m\x1b[K\x1b]8;;https://gcc.gnu.org/onlinedocs/gcc/Warning-Options.html#index-Wunused-parameter\x07-Wunused-parameter\x1b]8;;\x07\x1b[m\x1b[K]\n'}
[5.414598] (sllidar_ros2) StderrLine: {'line': b'   54 |         virtual void onCustomSampleDataDecoded(_u8 ansType, \x1b[01;35m\x1b[K_u32 customCode\x1b[m\x1b[K, const void* data, size_t size) {}\n'}
[5.414650] (sllidar_ros2) StderrLine: {'line': b'      |                                                             \x1b[01;35m\x1b[K~~~~~^~~~~~~~~~\x1b[m\x1b[K\n'}
[5.414683] (sllidar_ros2) StderrLine: {'line': b'\x1b[01m\x1b[K/home/glance/ros2_ws/src/sllidar_ros2/sdk/src/dataunpacker/unpacker/../dataunpacker.h:54:90:\x1b[m\x1b[K \x1b[01;35m\x1b[Kwarning: \x1b[m\x1b[Kunused parameter \xe2\x80\x98\x1b[01m\x1b[Kdata\x1b[m\x1b[K\xe2\x80\x99 [\x1b[01;35m\x1b[K\x1b]8;;https://gcc.gnu.org/onlinedocs/gcc/Warning-Options.html#index-Wunused-parameter\x07-Wunused-parameter\x1b]8;;\x07\x1b[m\x1b[K]\n'}
[5.414708] (sllidar_ros2) StderrLine: {'line': b'   54 |         virtual void onCustomSampleDataDecoded(_u8 ansType, _u32 customCode, \x1b[01;35m\x1b[Kconst void* data\x1b[m\x1b[K, size_t size) {}\n'}
[5.414732] (sllidar_ros2) StderrLine: {'line': b'      |                                                                              \x1b[01;35m\x1b[K~~~~~~~~~~~~^~~~\x1b[m\x1b[K\n'}
[5.414755] (sllidar_ros2) StderrLine: {'line': b'\x1b[01m\x1b[K/home/glance/ros2_ws/src/sllidar_ros2/sdk/src/dataunpacker/unpacker/../dataunpacker.h:54:103:\x1b[m\x1b[K \x1b[01;35m\x1b[Kwarning: \x1b[m\x1b[Kunused parameter \xe2\x80\x98\x1b[01m\x1b[Ksize\x1b[m\x1b[K\xe2\x80\x99 [\x1b[01;35m\x1b[K\x1b]8;;https://gcc.gnu.org/onlinedocs/gcc/Warning-Options.html#index-Wunused-parameter\x07-Wunused-parameter\x1b]8;;\x07\x1b[m\x1b[K]\n'}
[5.414779] (sllidar_ros2) StderrLine: {'line': b'   54 |         virtual void onCustomSampleDataDecoded(_u8 ansType, _u32 customCode, const void* data, \x1b[01;35m\x1b[Ksize_t size\x1b[m\x1b[K) {}\n'}
[5.414802] (sllidar_ros2) StderrLine: {'line': b'      |                                                                                                \x1b[01;35m\x1b[K~~~~~~~^~~~\x1b[m\x1b[K\n'}
[5.414824] (sllidar_ros2) StderrLine: {'line': b'\x1b[01m\x1b[K/home/glance/ros2_ws/src/sllidar_ros2/sdk/src/dataunpacker/unpacker/../dataunpacker.h:\x1b[m\x1b[K In member function \xe2\x80\x98\x1b[01m\x1b[Kvirtual void sl::internal::LIDARSampleDataListener::onDecodingError(int, _u8, const void*, size_t)\x1b[m\x1b[K\xe2\x80\x99:\n'}
[5.414869] (sllidar_ros2) StderrLine: {'line': b'\x1b[01m\x1b[K/home/glance/ros2_ws/src/sllidar_ros2/sdk/src/dataunpacker/unpacker/../dataunpacker.h:56:42:\x1b[m\x1b[K \x1b[01;35m\x1b[Kwarning: \x1b[m\x1b[Kunused parameter \xe2\x80\x98\x1b[01m\x1b[KerrMsg\x1b[m\x1b[K\xe2\x80\x99 [\x1b[01;35m\x1b[K\x1b]8;;https://gcc.gnu.org/onlinedocs/gcc/Warning-Options.html#index-Wunused-parameter\x07-Wunused-parameter\x1b]8;;\x07\x1b[m\x1b[K]\n'}
[5.414902] (sllidar_ros2) StderrLine: {'line': b'   56 |         virtual void onDecodingError(\x1b[01;35m\x1b[Kint errMsg\x1b[m\x1b[K, _u8 ansType, const void* payload, size_t size) {}\n'}
[5.414931] (sllidar_ros2) StderrLine: {'line': b'      |                                      \x1b[01;35m\x1b[K~~~~^~~~~~\x1b[m\x1b[K\n'}
[5.414954] (sllidar_ros2) StderrLine: {'line': b'\x1b[01m\x1b[K/home/glance/ros2_ws/src/sllidar_ros2/sdk/src/dataunpacker/unpacker/../dataunpacker.h:56:54:\x1b[m\x1b[K \x1b[01;35m\x1b[Kwarning: \x1b[m\x1b[Kunused parameter \xe2\x80\x98\x1b[01m\x1b[KansType\x1b[m\x1b[K\xe2\x80\x99 [\x1b[01;35m\x1b[K\x1b]8;;https://gcc.gnu.org/onlinedocs/gcc/Warning-Options.html#index-Wunused-parameter\x07-Wunused-parameter\x1b]8;;\x07\x1b[m\x1b[K]\n'}
[5.414979] (sllidar_ros2) StderrLine: {'line': b'   56 |         virtual void onDecodingError(int errMsg, \x1b[01;35m\x1b[K_u8 ansType\x1b[m\x1b[K, const void* payload, size_t size) {}\n'}
[5.415006] (sllidar_ros2) StderrLine: {'line': b'      |                                                  \x1b[01;35m\x1b[K~~~~^~~~~~~\x1b[m\x1b[K\n'}
[5.415029] (sllidar_ros2) StderrLine: {'line': b'\x1b[01m\x1b[K/home/glance/ros2_ws/src/sllidar_ros2/sdk/src/dataunpacker/unpacker/../dataunpacker.h:56:75:\x1b[m\x1b[K \x1b[01;35m\x1b[Kwarning: \x1b[m\x1b[Kunused parameter \xe2\x80\x98\x1b[01m\x1b[Kpayload\x1b[m\x1b[K\xe2\x80\x99 [\x1b[01;35m\x1b[K\x1b]8;;https://gcc.gnu.org/onlinedocs/gcc/Warning-Options.html#index-Wunused-parameter\x07-Wunused-parameter\x1b]8;;\x07\x1b[m\x1b[K]\n'}
[5.415057] (sllidar_ros2) StderrLine: {'line': b'   56 |         virtual void onDecodingError(int errMsg, _u8 ansType, \x1b[01;35m\x1b[Kconst void* payload\x1b[m\x1b[K, size_t size) {}\n'}
[5.415082] (sllidar_ros2) StderrLine: {'line': b'      |                                                               \x1b[01;35m\x1b[K~~~~~~~~~~~~^~~~~~~\x1b[m\x1b[K\n'}
[5.415130] (sllidar_ros2) StderrLine: {'line': b'\x1b[01m\x1b[K/home/glance/ros2_ws/src/sllidar_ros2/sdk/src/dataunpacker/unpacker/../dataunpacker.h:56:91:\x1b[m\x1b[K \x1b[01;35m\x1b[Kwarning: \x1b[m\x1b[Kunused parameter \xe2\x80\x98\x1b[01m\x1b[Ksize\x1b[m\x1b[K\xe2\x80\x99 [\x1b[01;35m\x1b[K\x1b]8;;https://gcc.gnu.org/onlinedocs/gcc/Warning-Options.html#index-Wunused-parameter\x07-Wunused-parameter\x1b]8;;\x07\x1b[m\x1b[K]\n'}
[5.415164] (sllidar_ros2) StderrLine: {'line': b'   56 |         virtual void onDecodingError(int errMsg, _u8 ansType, const void* payload, \x1b[01;35m\x1b[Ksize_t size\x1b[m\x1b[K) {}\n'}
[5.415196] (sllidar_ros2) StderrLine: {'line': b'      |                                                                                    \x1b[01;35m\x1b[K~~~~~~~^~~~\x1b[m\x1b[K\n'}
[5.417364] (-) TimerEvent: {}
[5.418829] (sllidar_ros2) StderrLine: {'line': b'In file included from \x1b[01m\x1b[K/home/glance/ros2_ws/src/sllidar_ros2/sdk/src/dataunpacker/dataunpacker.cpp:40\x1b[m\x1b[K:\n'}
[5.419128] (sllidar_ros2) StderrLine: {'line': b'\x1b[01m\x1b[K/home/glance/ros2_ws/src/sllidar_ros2/sdk/src/dataunpacker/dataunpacker.h:\x1b[m\x1b[K In member function \xe2\x80\x98\x1b[01m\x1b[Kvirtual void sl::internal::LIDARSampleDataListener::onCustomSampleDataDecoded(_u8, _u32, const void*, size_t)\x1b[m\x1b[K\xe2\x80\x99:\n'}
[5.419262] (sllidar_ros2) StderrLine: {'line': b'\x1b[01m\x1b[K/home/glance/ros2_ws/src/sllidar_ros2/sdk/src/dataunpacker/dataunpacker.h:54:52:\x1b[m\x1b[K \x1b[01;35m\x1b[Kwarning: \x1b[m\x1b[Kunused parameter \xe2\x80\x98\x1b[01m\x1b[KansType\x1b[m\x1b[K\xe2\x80\x99 [\x1b[01;35m\x1b[K\x1b]8;;https://gcc.gnu.org/onlinedocs/gcc/Warning-Options.html#index-Wunused-parameter\x07-Wunused-parameter\x1b]8;;\x07\x1b[m\x1b[K]\n'}
[5.419297] (sllidar_ros2) StderrLine: {'line': b'   54 |         virtual void onCustomSampleDataDecoded(\x1b[01;35m\x1b[K_u8 ansType\x1b[m\x1b[K, _u32 customCode, const void* data, size_t size) {}\n'}
[5.419325] (sllidar_ros2) StderrLine: {'line': b'      |                                                \x1b[01;35m\x1b[K~~~~^~~~~~~\x1b[m\x1b[K\n'}
[5.419368] (sllidar_ros2) StderrLine: {'line': b'\x1b[01m\x1b[K/home/glance/ros2_ws/src/sllidar_ros2/sdk/src/dataunpacker/dataunpacker.h:54:66:\x1b[m\x1b[K \x1b[01;35m\x1b[Kwarning: \x1b[m\x1b[Kunused parameter \xe2\x80\x98\x1b[01m\x1b[KcustomCode\x1b[m\x1b[K\xe2\x80\x99 [\x1b[01;35m\x1b[K\x1b]8;;https://gcc.gnu.org/onlinedocs/gcc/Warning-Options.html#index-Wunused-parameter\x07-Wunused-parameter\x1b]8;;\x07\x1b[m\x1b[K]\n'}
[5.419396] (sllidar_ros2) StderrLine: {'line': b'   54 |         virtual void onCustomSampleDataDecoded(_u8 ansType, \x1b[01;35m\x1b[K_u32 customCode\x1b[m\x1b[K, const void* data, size_t size) {}\n'}
[5.419420] (sllidar_ros2) StderrLine: {'line': b'      |                                                             \x1b[01;35m\x1b[K~~~~~^~~~~~~~~~\x1b[m\x1b[K\n'}
[5.419442] (sllidar_ros2) StderrLine: {'line': b'\x1b[01m\x1b[K/home/glance/ros2_ws/src/sllidar_ros2/sdk/src/dataunpacker/dataunpacker.h:54:90:\x1b[m\x1b[K \x1b[01;35m\x1b[Kwarning: \x1b[m\x1b[Kunused parameter \xe2\x80\x98\x1b[01m\x1b[Kdata\x1b[m\x1b[K\xe2\x80\x99 [\x1b[01;35m\x1b[K\x1b]8;;https://gcc.gnu.org/onlinedocs/gcc/Warning-Options.html#index-Wunused-parameter\x07-Wunused-parameter\x1b]8;;\x07\x1b[m\x1b[K]\n'}
[5.419469] (sllidar_ros2) StderrLine: {'line': b'   54 |         virtual void onCustomSampleDataDecoded(_u8 ansType, _u32 customCode, \x1b[01;35m\x1b[Kconst void* data\x1b[m\x1b[K, size_t size) {}\n'}
[5.419492] (sllidar_ros2) StderrLine: {'line': b'      |                                                                              \x1b[01;35m\x1b[K~~~~~~~~~~~~^~~~\x1b[m\x1b[K\n'}
[5.419519] (sllidar_ros2) StderrLine: {'line': b'\x1b[01m\x1b[K/home/glance/ros2_ws/src/sllidar_ros2/sdk/src/dataunpacker/dataunpacker.h:54:103:\x1b[m\x1b[K \x1b[01;35m\x1b[Kwarning: \x1b[m\x1b[Kunused parameter \xe2\x80\x98\x1b[01m\x1b[Ksize\x1b[m\x1b[K\xe2\x80\x99 [\x1b[01;35m\x1b[K\x1b]8;;https://gcc.gnu.org/onlinedocs/gcc/Warning-Options.html#index-Wunused-parameter\x07-Wunused-parameter\x1b]8;;\x07\x1b[m\x1b[K]\n'}
[5.419542] (sllidar_ros2) StderrLine: {'line': b'   54 |         virtual void onCustomSampleDataDecoded(_u8 ansType, _u32 customCode, const void* data, \x1b[01;35m\x1b[Ksize_t size\x1b[m\x1b[K) {}\n'}
[5.419563] (sllidar_ros2) StderrLine: {'line': b'      |                                                                                                \x1b[01;35m\x1b[K~~~~~~~^~~~\x1b[m\x1b[K\n'}
[5.419585] (sllidar_ros2) StderrLine: {'line': b'\x1b[01m\x1b[K/home/glance/ros2_ws/src/sllidar_ros2/sdk/src/dataunpacker/dataunpacker.h:\x1b[m\x1b[K In member function \xe2\x80\x98\x1b[01m\x1b[Kvirtual void sl::internal::LIDARSampleDataListener::onDecodingError(int, _u8, const void*, size_t)\x1b[m\x1b[K\xe2\x80\x99:\n'}
[5.419610] (sllidar_ros2) StderrLine: {'line': b'\x1b[01m\x1b[K/home/glance/ros2_ws/src/sllidar_ros2/sdk/src/dataunpacker/dataunpacker.h:56:42:\x1b[m\x1b[K \x1b[01;35m\x1b[Kwarning: \x1b[m\x1b[Kunused parameter \xe2\x80\x98\x1b[01m\x1b[KerrMsg\x1b[m\x1b[K\xe2\x80\x99 [\x1b[01;35m\x1b[K\x1b]8;;https://gcc.gnu.org/onlinedocs/gcc/Warning-Options.html#index-Wunused-parameter\x07-Wunused-parameter\x1b]8;;\x07\x1b[m\x1b[K]\n'}
[5.419652] (sllidar_ros2) StderrLine: {'line': b'   56 |         virtual void onDecodingError(\x1b[01;35m\x1b[Kint errMsg\x1b[m\x1b[K, _u8 ansType, const void* payload, size_t size) {}\n'}
[5.419979] (sllidar_ros2) StderrLine: {'line': b'      |                                      \x1b[01;35m\x1b[K~~~~^~~~~~\x1b[m\x1b[K\n'}
[5.420081] (sllidar_ros2) StderrLine: {'line': b'\x1b[01m\x1b[K/home/glance/ros2_ws/src/sllidar_ros2/sdk/src/dataunpacker/dataunpacker.h:56:54:\x1b[m\x1b[K \x1b[01;35m\x1b[Kwarning: \x1b[m\x1b[Kunused parameter \xe2\x80\x98\x1b[01m\x1b[KansType\x1b[m\x1b[K\xe2\x80\x99 [\x1b[01;35m\x1b[K\x1b]8;;https://gcc.gnu.org/onlinedocs/gcc/Warning-Options.html#index-Wunused-parameter\x07-Wunused-parameter\x1b]8;;\x07\x1b[m\x1b[K]\n'}
[5.420128] (sllidar_ros2) StderrLine: {'line': b'   56 |         virtual void onDecodingError(int errMsg, \x1b[01;35m\x1b[K_u8 ansType\x1b[m\x1b[K, const void* payload, size_t size) {}\n'}
[5.420202] (sllidar_ros2) StderrLine: {'line': b'      |                                                  \x1b[01;35m\x1b[K~~~~^~~~~~~\x1b[m\x1b[K\n'}
[5.420295] (sllidar_ros2) StderrLine: {'line': b'\x1b[01m\x1b[K/home/glance/ros2_ws/src/sllidar_ros2/sdk/src/dataunpacker/dataunpacker.h:56:75:\x1b[m\x1b[K \x1b[01;35m\x1b[Kwarning: \x1b[m\x1b[Kunused parameter \xe2\x80\x98\x1b[01m\x1b[Kpayload\x1b[m\x1b[K\xe2\x80\x99 [\x1b[01;35m\x1b[K\x1b]8;;https://gcc.gnu.org/onlinedocs/gcc/Warning-Options.html#index-Wunused-parameter\x07-Wunused-parameter\x1b]8;;\x07\x1b[m\x1b[K]\n'}
[5.420337] (sllidar_ros2) StderrLine: {'line': b'   56 |         virtual void onDecodingError(int errMsg, _u8 ansType, \x1b[01;35m\x1b[Kconst void* payload\x1b[m\x1b[K, size_t size) {}\n'}
[5.420371] (sllidar_ros2) StderrLine: {'line': b'      |                                                               \x1b[01;35m\x1b[K~~~~~~~~~~~~^~~~~~~\x1b[m\x1b[K\n'}
[5.420460] (sllidar_ros2) StderrLine: {'line': b'\x1b[01m\x1b[K/home/glance/ros2_ws/src/sllidar_ros2/sdk/src/dataunpacker/dataunpacker.h:56:91:\x1b[m\x1b[K \x1b[01;35m\x1b[Kwarning: \x1b[m\x1b[Kunused parameter \xe2\x80\x98\x1b[01m\x1b[Ksize\x1b[m\x1b[K\xe2\x80\x99 [\x1b[01;35m\x1b[K\x1b]8;;https://gcc.gnu.org/onlinedocs/gcc/Warning-Options.html#index-Wunused-parameter\x07-Wunused-parameter\x1b]8;;\x07\x1b[m\x1b[K]\n'}
[5.420506] (sllidar_ros2) StderrLine: {'line': b'   56 |         virtual void onDecodingError(int errMsg, _u8 ansType, const void* payload, \x1b[01;35m\x1b[Ksize_t size\x1b[m\x1b[K) {}\n'}
[5.420547] (sllidar_ros2) StderrLine: {'line': b'      |                                                                                    \x1b[01;35m\x1b[K~~~~~~~^~~~\x1b[m\x1b[K\n'}
[5.422420] (sllidar_ros2) StderrLine: {'line': b'In file included from \x1b[01m\x1b[K/home/glance/ros2_ws/src/sllidar_ros2/sdk/src/sl_lidarprotocol_codec.cpp:49\x1b[m\x1b[K:\n'}
[5.422584] (sllidar_ros2) StderrLine: {'line': b'\x1b[01m\x1b[K/home/glance/ros2_ws/src/sllidar_ros2/sdk/src/sl_async_transceiver.h:\x1b[m\x1b[K In member function \xe2\x80\x98\x1b[01m\x1b[Kvirtual void sl::internal::IAsyncProtocolCodec::onChannelError(u_result)\x1b[m\x1b[K\xe2\x80\x99:\n'}
[5.422627] (sllidar_ros2) StderrLine: {'line': b'\x1b[01m\x1b[K/home/glance/ros2_ws/src/sllidar_ros2/sdk/src/sl_async_transceiver.h:90:48:\x1b[m\x1b[K \x1b[01;35m\x1b[Kwarning: \x1b[m\x1b[Kunused parameter \xe2\x80\x98\x1b[01m\x1b[KerrCode\x1b[m\x1b[K\xe2\x80\x99 [\x1b[01;35m\x1b[K\x1b]8;;https://gcc.gnu.org/onlinedocs/gcc/Warning-Options.html#index-Wunused-parameter\x07-Wunused-parameter\x1b]8;;\x07\x1b[m\x1b[K]\n'}
[5.422665] (sllidar_ros2) StderrLine: {'line': b'   90 |         virtual void   onChannelError(\x1b[01;35m\x1b[Ku_result errCode\x1b[m\x1b[K) {}\n'}
[5.422703] (sllidar_ros2) StderrLine: {'line': b'      |                                       \x1b[01;35m\x1b[K~~~~~~~~~^~~~~~~\x1b[m\x1b[K\n'}
[5.437496] (sllidar_ros2) StderrLine: {'line': b'In file included from \x1b[01m\x1b[K/home/glance/ros2_ws/src/sllidar_ros2/sdk/src/dataunpacker/unpacker/handler_capsules.cpp:40\x1b[m\x1b[K:\n'}
[5.437681] (sllidar_ros2) StderrLine: {'line': b'\x1b[01m\x1b[K/home/glance/ros2_ws/src/sllidar_ros2/sdk/src/dataunpacker/unpacker/../dataunpacker.h:\x1b[m\x1b[K In member function \xe2\x80\x98\x1b[01m\x1b[Kvirtual void sl::internal::LIDARSampleDataListener::onCustomSampleDataDecoded(_u8, _u32, const void*, size_t)\x1b[m\x1b[K\xe2\x80\x99:\n'}
[5.437728] (sllidar_ros2) StderrLine: {'line': b'\x1b[01m\x1b[K/home/glance/ros2_ws/src/sllidar_ros2/sdk/src/dataunpacker/unpacker/../dataunpacker.h:54:52:\x1b[m\x1b[K \x1b[01;35m\x1b[Kwarning: \x1b[m\x1b[Kunused parameter \xe2\x80\x98\x1b[01m\x1b[KansType\x1b[m\x1b[K\xe2\x80\x99 [\x1b[01;35m\x1b[K\x1b]8;;https://gcc.gnu.org/onlinedocs/gcc/Warning-Options.html#index-Wunused-parameter\x07-Wunused-parameter\x1b]8;;\x07\x1b[m\x1b[K]\n'}
[5.437761] (sllidar_ros2) StderrLine: {'line': b'   54 |         virtual void onCustomSampleDataDecoded(\x1b[01;35m\x1b[K_u8 ansType\x1b[m\x1b[K, _u32 customCode, const void* data, size_t size) {}\n'}
[5.437788] (sllidar_ros2) StderrLine: {'line': b'      |                                                \x1b[01;35m\x1b[K~~~~^~~~~~~\x1b[m\x1b[K\n'}
[5.437941] (sllidar_ros2) StderrLine: {'line': b'\x1b[01m\x1b[K/home/glance/ros2_ws/src/sllidar_ros2/sdk/src/dataunpacker/unpacker/../dataunpacker.h:54:66:\x1b[m\x1b[K \x1b[01;35m\x1b[Kwarning: \x1b[m\x1b[Kunused parameter \xe2\x80\x98\x1b[01m\x1b[KcustomCode\x1b[m\x1b[K\xe2\x80\x99 [\x1b[01;35m\x1b[K\x1b]8;;https://gcc.gnu.org/onlinedocs/gcc/Warning-Options.html#index-Wunused-parameter\x07-Wunused-parameter\x1b]8;;\x07\x1b[m\x1b[K]\n'}
[5.438017] (sllidar_ros2) StderrLine: {'line': b'   54 |         virtual void onCustomSampleDataDecoded(_u8 ansType, \x1b[01;35m\x1b[K_u32 customCode\x1b[m\x1b[K, const void* data, size_t size) {}\n'}
[5.438066] (sllidar_ros2) StderrLine: {'line': b'      |                                                             \x1b[01;35m\x1b[K~~~~~^~~~~~~~~~\x1b[m\x1b[K\n'}
[5.438404] (sllidar_ros2) StderrLine: {'line': b'\x1b[01m\x1b[K/home/glance/ros2_ws/src/sllidar_ros2/sdk/src/dataunpacker/unpacker/../dataunpacker.h:54:90:\x1b[m\x1b[K \x1b[01;35m\x1b[Kwarning: \x1b[m\x1b[Kunused parameter \xe2\x80\x98\x1b[01m\x1b[Kdata\x1b[m\x1b[K\xe2\x80\x99 [\x1b[01;35m\x1b[K\x1b]8;;https://gcc.gnu.org/onlinedocs/gcc/Warning-Options.html#index-Wunused-parameter\x07-Wunused-parameter\x1b]8;;\x07\x1b[m\x1b[K]\n'}
[5.438566] (sllidar_ros2) StderrLine: {'line': b'   54 |         virtual void onCustomSampleDataDecoded(_u8 ansType, _u32 customCode, \x1b[01;35m\x1b[Kconst void* data\x1b[m\x1b[K, size_t size) {}\n'}
[5.438625] (sllidar_ros2) StderrLine: {'line': b'      |                                                                              \x1b[01;35m\x1b[K~~~~~~~~~~~~^~~~\x1b[m\x1b[K\n'}
[5.438751] (sllidar_ros2) StderrLine: {'line': b'\x1b[01m\x1b[K/home/glance/ros2_ws/src/sllidar_ros2/sdk/src/dataunpacker/unpacker/../dataunpacker.h:54:103:\x1b[m\x1b[K \x1b[01;35m\x1b[Kwarning: \x1b[m\x1b[Kunused parameter \xe2\x80\x98\x1b[01m\x1b[Ksize\x1b[m\x1b[K\xe2\x80\x99 [\x1b[01;35m\x1b[K\x1b]8;;https://gcc.gnu.org/onlinedocs/gcc/Warning-Options.html#index-Wunused-parameter\x07-Wunused-parameter\x1b]8;;\x07\x1b[m\x1b[K]\n'}
[5.438795] (sllidar_ros2) StderrLine: {'line': b'   54 |         virtual void onCustomSampleDataDecoded(_u8 ansType, _u32 customCode, const void* data, \x1b[01;35m\x1b[Ksize_t size\x1b[m\x1b[K) {}\n'}
[5.438830] (sllidar_ros2) StderrLine: {'line': b'      |                                                                                                \x1b[01;35m\x1b[K~~~~~~~^~~~\x1b[m\x1b[K\n'}
[5.438861] (sllidar_ros2) StderrLine: {'line': b'\x1b[01m\x1b[K/home/glance/ros2_ws/src/sllidar_ros2/sdk/src/dataunpacker/unpacker/../dataunpacker.h:\x1b[m\x1b[K In member function \xe2\x80\x98\x1b[01m\x1b[Kvirtual void sl::internal::LIDARSampleDataListener::onDecodingError(int, _u8, const void*, size_t)\x1b[m\x1b[K\xe2\x80\x99:\n'}
[5.438896] (sllidar_ros2) StderrLine: {'line': b'\x1b[01m\x1b[K/home/glance/ros2_ws/src/sllidar_ros2/sdk/src/dataunpacker/unpacker/../dataunpacker.h:56:42:\x1b[m\x1b[K \x1b[01;35m\x1b[Kwarning: \x1b[m\x1b[Kunused parameter \xe2\x80\x98\x1b[01m\x1b[KerrMsg\x1b[m\x1b[K\xe2\x80\x99 [\x1b[01;35m\x1b[K\x1b]8;;https://gcc.gnu.org/onlinedocs/gcc/Warning-Options.html#index-Wunused-parameter\x07-Wunused-parameter\x1b]8;;\x07\x1b[m\x1b[K]\n'}
[5.438928] (sllidar_ros2) StderrLine: {'line': b'   56 |         virtual void onDecodingError(\x1b[01;35m\x1b[Kint errMsg\x1b[m\x1b[K, _u8 ansType, const void* payload, size_t size) {}\n'}
[5.438959] (sllidar_ros2) StderrLine: {'line': b'      |                                      \x1b[01;35m\x1b[K~~~~^~~~~~\x1b[m\x1b[K\n'}
[5.438989] (sllidar_ros2) StderrLine: {'line': b'\x1b[01m\x1b[K/home/glance/ros2_ws/src/sllidar_ros2/sdk/src/dataunpacker/unpacker/../dataunpacker.h:56:54:\x1b[m\x1b[K \x1b[01;35m\x1b[Kwarning: \x1b[m\x1b[Kunused parameter \xe2\x80\x98\x1b[01m\x1b[KansType\x1b[m\x1b[K\xe2\x80\x99 [\x1b[01;35m\x1b[K\x1b]8;;https://gcc.gnu.org/onlinedocs/gcc/Warning-Options.html#index-Wunused-parameter\x07-Wunused-parameter\x1b]8;;\x07\x1b[m\x1b[K]\n'}
[5.439022] (sllidar_ros2) StderrLine: {'line': b'   56 |         virtual void onDecodingError(int errMsg, \x1b[01;35m\x1b[K_u8 ansType\x1b[m\x1b[K, const void* payload, size_t size) {}\n'}
[5.439051] (sllidar_ros2) StderrLine: {'line': b'      |                                                  \x1b[01;35m\x1b[K~~~~^~~~~~~\x1b[m\x1b[K\n'}
[5.439080] (sllidar_ros2) StderrLine: {'line': b'\x1b[01m\x1b[K/home/glance/ros2_ws/src/sllidar_ros2/sdk/src/dataunpacker/unpacker/../dataunpacker.h:56:75:\x1b[m\x1b[K \x1b[01;35m\x1b[Kwarning: \x1b[m\x1b[Kunused parameter \xe2\x80\x98\x1b[01m\x1b[Kpayload\x1b[m\x1b[K\xe2\x80\x99 [\x1b[01;35m\x1b[K\x1b]8;;https://gcc.gnu.org/onlinedocs/gcc/Warning-Options.html#index-Wunused-parameter\x07-Wunused-parameter\x1b]8;;\x07\x1b[m\x1b[K]\n'}
[5.439112] (sllidar_ros2) StderrLine: {'line': b'   56 |         virtual void onDecodingError(int errMsg, _u8 ansType, \x1b[01;35m\x1b[Kconst void* payload\x1b[m\x1b[K, size_t size) {}\n'}
[5.439142] (sllidar_ros2) StderrLine: {'line': b'      |                                                               \x1b[01;35m\x1b[K~~~~~~~~~~~~^~~~~~~\x1b[m\x1b[K\n'}
[5.439175] (sllidar_ros2) StderrLine: {'line': b'\x1b[01m\x1b[K/home/glance/ros2_ws/src/sllidar_ros2/sdk/src/dataunpacker/unpacker/../dataunpacker.h:56:91:\x1b[m\x1b[K \x1b[01;35m\x1b[Kwarning: \x1b[m\x1b[Kunused parameter \xe2\x80\x98\x1b[01m\x1b[Ksize\x1b[m\x1b[K\xe2\x80\x99 [\x1b[01;35m\x1b[K\x1b]8;;https://gcc.gnu.org/onlinedocs/gcc/Warning-Options.html#index-Wunused-parameter\x07-Wunused-parameter\x1b]8;;\x07\x1b[m\x1b[K]\n'}
[5.439224] (sllidar_ros2) StderrLine: {'line': b'   56 |         virtual void onDecodingError(int errMsg, _u8 ansType, const void* payload, \x1b[01;35m\x1b[Ksize_t size\x1b[m\x1b[K) {}\n'}
[5.439259] (sllidar_ros2) StderrLine: {'line': b'      |                                                                                    \x1b[01;35m\x1b[K~~~~~~~^~~~\x1b[m\x1b[K\n'}
[5.444694] (sllidar_ros2) StderrLine: {'line': b'In file included from \x1b[01m\x1b[K/home/glance/ros2_ws/src/sllidar_ros2/sdk/src/sl_lidar_driver.cpp:50\x1b[m\x1b[K:\n'}
[5.444880] (sllidar_ros2) StderrLine: {'line': b'\x1b[01m\x1b[K/home/glance/ros2_ws/src/sllidar_ros2/sdk/src/dataunpacker/dataunpacker.h:\x1b[m\x1b[K In member function \xe2\x80\x98\x1b[01m\x1b[Kvirtual void sl::internal::LIDARSampleDataListener::onCustomSampleDataDecoded(_u8, _u32, const void*, size_t)\x1b[m\x1b[K\xe2\x80\x99:\n'}
[5.444927] (sllidar_ros2) StderrLine: {'line': b'\x1b[01m\x1b[K/home/glance/ros2_ws/src/sllidar_ros2/sdk/src/dataunpacker/dataunpacker.h:54:52:\x1b[m\x1b[K \x1b[01;35m\x1b[Kwarning: \x1b[m\x1b[Kunused parameter \xe2\x80\x98\x1b[01m\x1b[KansType\x1b[m\x1b[K\xe2\x80\x99 [\x1b[01;35m\x1b[K\x1b]8;;https://gcc.gnu.org/onlinedocs/gcc/Warning-Options.html#index-Wunused-parameter\x07-Wunused-parameter\x1b]8;;\x07\x1b[m\x1b[K]\n'}
[5.444961] (sllidar_ros2) StderrLine: {'line': b'   54 |         virtual void onCustomSampleDataDecoded(\x1b[01;35m\x1b[K_u8 ansType\x1b[m\x1b[K, _u32 customCode, const void* data, size_t size) {}\n'}
[5.444991] (sllidar_ros2) StderrLine: {'line': b'      |                                                \x1b[01;35m\x1b[K~~~~^~~~~~~\x1b[m\x1b[K\n'}
[5.445022] (sllidar_ros2) StderrLine: {'line': b'\x1b[01m\x1b[K/home/glance/ros2_ws/src/sllidar_ros2/sdk/src/dataunpacker/dataunpacker.h:54:66:\x1b[m\x1b[K \x1b[01;35m\x1b[Kwarning: \x1b[m\x1b[Kunused parameter \xe2\x80\x98\x1b[01m\x1b[KcustomCode\x1b[m\x1b[K\xe2\x80\x99 [\x1b[01;35m\x1b[K\x1b]8;;https://gcc.gnu.org/onlinedocs/gcc/Warning-Options.html#index-Wunused-parameter\x07-Wunused-parameter\x1b]8;;\x07\x1b[m\x1b[K]\n'}
[5.445048] (sllidar_ros2) StderrLine: {'line': b'   54 |         virtual void onCustomSampleDataDecoded(_u8 ansType, \x1b[01;35m\x1b[K_u32 customCode\x1b[m\x1b[K, const void* data, size_t size) {}\n'}
[5.445070] (sllidar_ros2) StderrLine: {'line': b'      |                                                             \x1b[01;35m\x1b[K~~~~~^~~~~~~~~~\x1b[m\x1b[K\n'}
[5.445092] (sllidar_ros2) StderrLine: {'line': b'\x1b[01m\x1b[K/home/glance/ros2_ws/src/sllidar_ros2/sdk/src/dataunpacker/dataunpacker.h:54:90:\x1b[m\x1b[K \x1b[01;35m\x1b[Kwarning: \x1b[m\x1b[Kunused parameter \xe2\x80\x98\x1b[01m\x1b[Kdata\x1b[m\x1b[K\xe2\x80\x99 [\x1b[01;35m\x1b[K\x1b]8;;https://gcc.gnu.org/onlinedocs/gcc/Warning-Options.html#index-Wunused-parameter\x07-Wunused-parameter\x1b]8;;\x07\x1b[m\x1b[K]\n'}
[5.445150] (sllidar_ros2) StderrLine: {'line': b'   54 |         virtual void onCustomSampleDataDecoded(_u8 ansType, _u32 customCode, \x1b[01;35m\x1b[Kconst void* data\x1b[m\x1b[K, size_t size) {}\n'}
[5.445390] (sllidar_ros2) StderrLine: {'line': b'      |                                                                              \x1b[01;35m\x1b[K~~~~~~~~~~~~^~~~\x1b[m\x1b[K\n'}
[5.445435] (sllidar_ros2) StderrLine: {'line': b'\x1b[01m\x1b[K/home/glance/ros2_ws/src/sllidar_ros2/sdk/src/dataunpacker/dataunpacker.h:54:103:\x1b[m\x1b[K \x1b[01;35m\x1b[Kwarning: \x1b[m\x1b[Kunused parameter \xe2\x80\x98\x1b[01m\x1b[Ksize\x1b[m\x1b[K\xe2\x80\x99 [\x1b[01;35m\x1b[K\x1b]8;;https://gcc.gnu.org/onlinedocs/gcc/Warning-Options.html#index-Wunused-parameter\x07-Wunused-parameter\x1b]8;;\x07\x1b[m\x1b[K]\n'}
[5.445468] (sllidar_ros2) StderrLine: {'line': b'   54 |         virtual void onCustomSampleDataDecoded(_u8 ansType, _u32 customCode, const void* data, \x1b[01;35m\x1b[Ksize_t size\x1b[m\x1b[K) {}\n'}
[5.445496] (sllidar_ros2) StderrLine: {'line': b'      |                                                                                                \x1b[01;35m\x1b[K~~~~~~~^~~~\x1b[m\x1b[K\n'}
[5.445525] (sllidar_ros2) StderrLine: {'line': b'\x1b[01m\x1b[K/home/glance/ros2_ws/src/sllidar_ros2/sdk/src/dataunpacker/dataunpacker.h:\x1b[m\x1b[K In member function \xe2\x80\x98\x1b[01m\x1b[Kvirtual void sl::internal::LIDARSampleDataListener::onDecodingError(int, _u8, const void*, size_t)\x1b[m\x1b[K\xe2\x80\x99:\n'}
[5.445548] (sllidar_ros2) StderrLine: {'line': b'\x1b[01m\x1b[K/home/glance/ros2_ws/src/sllidar_ros2/sdk/src/dataunpacker/dataunpacker.h:56:42:\x1b[m\x1b[K \x1b[01;35m\x1b[Kwarning: \x1b[m\x1b[Kunused parameter \xe2\x80\x98\x1b[01m\x1b[KerrMsg\x1b[m\x1b[K\xe2\x80\x99 [\x1b[01;35m\x1b[K\x1b]8;;https://gcc.gnu.org/onlinedocs/gcc/Warning-Options.html#index-Wunused-parameter\x07-Wunused-parameter\x1b]8;;\x07\x1b[m\x1b[K]\n'}
[5.445572] (sllidar_ros2) StderrLine: {'line': b'   56 |         virtual void onDecodingError(\x1b[01;35m\x1b[Kint errMsg\x1b[m\x1b[K, _u8 ansType, const void* payload, size_t size) {}\n'}
[5.445593] (sllidar_ros2) StderrLine: {'line': b'      |                                      \x1b[01;35m\x1b[K~~~~^~~~~~\x1b[m\x1b[K\n'}
[5.445615] (sllidar_ros2) StderrLine: {'line': b'\x1b[01m\x1b[K/home/glance/ros2_ws/src/sllidar_ros2/sdk/src/dataunpacker/dataunpacker.h:56:54:\x1b[m\x1b[K \x1b[01;35m\x1b[Kwarning: \x1b[m\x1b[Kunused parameter \xe2\x80\x98\x1b[01m\x1b[KansType\x1b[m\x1b[K\xe2\x80\x99 [\x1b[01;35m\x1b[K\x1b]8;;https://gcc.gnu.org/onlinedocs/gcc/Warning-Options.html#index-Wunused-parameter\x07-Wunused-parameter\x1b]8;;\x07\x1b[m\x1b[K]\n'}
[5.445635] (sllidar_ros2) StderrLine: {'line': b'   56 |         virtual void onDecodingError(int errMsg, \x1b[01;35m\x1b[K_u8 ansType\x1b[m\x1b[K, const void* payload, size_t size) {}\n'}
[5.445654] (sllidar_ros2) StderrLine: {'line': b'      |                                                  \x1b[01;35m\x1b[K~~~~^~~~~~~\x1b[m\x1b[K\n'}
[5.445678] (sllidar_ros2) StderrLine: {'line': b'\x1b[01m\x1b[K/home/glance/ros2_ws/src/sllidar_ros2/sdk/src/dataunpacker/dataunpacker.h:56:75:\x1b[m\x1b[K \x1b[01;35m\x1b[Kwarning: \x1b[m\x1b[Kunused parameter \xe2\x80\x98\x1b[01m\x1b[Kpayload\x1b[m\x1b[K\xe2\x80\x99 [\x1b[01;35m\x1b[K\x1b]8;;https://gcc.gnu.org/onlinedocs/gcc/Warning-Options.html#index-Wunused-parameter\x07-Wunused-parameter\x1b]8;;\x07\x1b[m\x1b[K]\n'}
[5.445700] (sllidar_ros2) StderrLine: {'line': b'   56 |         virtual void onDecodingError(int errMsg, _u8 ansType, \x1b[01;35m\x1b[Kconst void* payload\x1b[m\x1b[K, size_t size) {}\n'}
[5.445723] (sllidar_ros2) StderrLine: {'line': b'      |                                                               \x1b[01;35m\x1b[K~~~~~~~~~~~~^~~~~~~\x1b[m\x1b[K\n'}
[5.445746] (sllidar_ros2) StderrLine: {'line': b'\x1b[01m\x1b[K/home/glance/ros2_ws/src/sllidar_ros2/sdk/src/dataunpacker/dataunpacker.h:56:91:\x1b[m\x1b[K \x1b[01;35m\x1b[Kwarning: \x1b[m\x1b[Kunused parameter \xe2\x80\x98\x1b[01m\x1b[Ksize\x1b[m\x1b[K\xe2\x80\x99 [\x1b[01;35m\x1b[K\x1b]8;;https://gcc.gnu.org/onlinedocs/gcc/Warning-Options.html#index-Wunused-parameter\x07-Wunused-parameter\x1b]8;;\x07\x1b[m\x1b[K]\n'}
[5.445767] (sllidar_ros2) StderrLine: {'line': b'   56 |         virtual void onDecodingError(int errMsg, _u8 ansType, const void* payload, \x1b[01;35m\x1b[Ksize_t size\x1b[m\x1b[K) {}\n'}
[5.445787] (sllidar_ros2) StderrLine: {'line': b'      |                                                                                    \x1b[01;35m\x1b[K~~~~~~~^~~~\x1b[m\x1b[K\n'}
[5.445884] (sllidar_ros2) StderrLine: {'line': b'\x1b[01m\x1b[K/home/glance/ros2_ws/src/sllidar_ros2/sdk/src/dataunpacker/unpacker/handler_capsules.cpp:\x1b[m\x1b[K In member function \xe2\x80\x98\x1b[01m\x1b[Kvoid sl::internal::unpacker::UnpackerHandler_DenseCapsuleNode::_onScanNodeDenseCapsuleData(rplidar_response_dense_capsule_measurement_nodes_t&, sl::internal::LIDARSampleDataUnpackerInner*)\x1b[m\x1b[K\xe2\x80\x99:\n'}
[5.445924] (sllidar_ros2) StderrLine: {'line': b'\x1b[01m\x1b[K/home/glance/ros2_ws/src/sllidar_ros2/sdk/src/dataunpacker/unpacker/handler_capsules.cpp:763:30:\x1b[m\x1b[K \x1b[01;35m\x1b[Kwarning: \x1b[m\x1b[Ktype qualifiers ignored on cast result type [\x1b[01;35m\x1b[K\x1b]8;;https://gcc.gnu.org/onlinedocs/gcc/Warning-Options.html#index-Wignored-qualifiers\x07-Wignored-qualifiers\x1b]8;;\x07\x1b[m\x1b[K]\n'}
[5.445955] (sllidar_ros2) StderrLine: {'line': b'  763 |             const int dist = \x1b[01;35m\x1b[Kstatic_cast<const int>(_cached_previous_dense_capsuledata.cabins[pos].distance)\x1b[m\x1b[K;\n'}
[5.445978] (sllidar_ros2) StderrLine: {'line': b'      |                              \x1b[01;35m\x1b[K^~~~~~~~~~~~~~~~~~~~~~~~~~~~~~~~~~~~~~~~~~~~~~~~~~~~~~~~~~~~~~~~~~~~~~~~~~~~~~~\x1b[m\x1b[K\n'}
[5.449531] (sllidar_ros2) StderrLine: {'line': b'In file included from \x1b[01m\x1b[K/home/glance/ros2_ws/src/sllidar_ros2/sdk/src/sl_lidar_driver.cpp:51\x1b[m\x1b[K:\n'}
[5.449703] (sllidar_ros2) StderrLine: {'line': b'\x1b[01m\x1b[K/home/glance/ros2_ws/src/sllidar_ros2/sdk/src/sl_async_transceiver.h:\x1b[m\x1b[K In member function \xe2\x80\x98\x1b[01m\x1b[Kvirtual void sl::internal::IAsyncProtocolCodec::onChannelError(u_result)\x1b[m\x1b[K\xe2\x80\x99:\n'}
[5.449748] (sllidar_ros2) StderrLine: {'line': b'\x1b[01m\x1b[K/home/glance/ros2_ws/src/sllidar_ros2/sdk/src/sl_async_transceiver.h:90:48:\x1b[m\x1b[K \x1b[01;35m\x1b[Kwarning: \x1b[m\x1b[Kunused parameter \xe2\x80\x98\x1b[01m\x1b[KerrCode\x1b[m\x1b[K\xe2\x80\x99 [\x1b[01;35m\x1b[K\x1b]8;;https://gcc.gnu.org/onlinedocs/gcc/Warning-Options.html#index-Wunused-parameter\x07-Wunused-parameter\x1b]8;;\x07\x1b[m\x1b[K]\n'}
[5.449786] (sllidar_ros2) StderrLine: {'line': b'   90 |         virtual void   onChannelError(\x1b[01;35m\x1b[Ku_result errCode\x1b[m\x1b[K) {}\n'}
[5.449817] (sllidar_ros2) StderrLine: {'line': b'      |                                       \x1b[01;35m\x1b[K~~~~~~~~~^~~~~~~\x1b[m\x1b[K\n'}
[5.464894] (sllidar_ros2) StderrLine: {'line': b'\x1b[01m\x1b[K/home/glance/ros2_ws/src/sllidar_ros2/sdk/src/sl_lidar_driver.cpp:\x1b[m\x1b[K In member function \xe2\x80\x98\x1b[01m\x1b[Kvirtual sl_result sl::SlamtecLidarDriver::reset(sl_u32)\x1b[m\x1b[K\xe2\x80\x99:\n'}
[5.465099] (sllidar_ros2) StderrLine: {'line': b'\x1b[01m\x1b[K/home/glance/ros2_ws/src/sllidar_ros2/sdk/src/sl_lidar_driver.cpp:511:32:\x1b[m\x1b[K \x1b[01;35m\x1b[Kwarning: \x1b[m\x1b[Kunused parameter \xe2\x80\x98\x1b[01m\x1b[KtimeoutInMs\x1b[m\x1b[K\xe2\x80\x99 [\x1b[01;35m\x1b[K\x1b]8;;https://gcc.gnu.org/onlinedocs/gcc/Warning-Options.html#index-Wunused-parameter\x07-Wunused-parameter\x1b]8;;\x07\x1b[m\x1b[K]\n'}
[5.465147] (sllidar_ros2) StderrLine: {'line': b'  511 |         sl_result reset(\x1b[01;35m\x1b[Ksl_u32 timeoutInMs = DEFAULT_TIMEOUT\x1b[m\x1b[K)\n'}
[5.465182] (sllidar_ros2) StderrLine: {'line': b'      |                         \x1b[01;35m\x1b[K~~~~~~~^~~~~~~~~~~~~~~~~~~~~~~~~~~~~\x1b[m\x1b[K\n'}
[5.466988] (sllidar_ros2) StderrLine: {'line': b'\x1b[01m\x1b[K/home/glance/ros2_ws/src/sllidar_ros2/sdk/src/sl_lidar_driver.cpp:\x1b[m\x1b[K In member function \xe2\x80\x98\x1b[01m\x1b[Kvirtual sl_result sl::SlamtecLidarDriver::startScan(bool, bool, sl_u32, sl::LidarScanMode*)\x1b[m\x1b[K\xe2\x80\x99:\n'}
[5.467143] (sllidar_ros2) StderrLine: {'line': b'\x1b[01m\x1b[K/home/glance/ros2_ws/src/sllidar_ros2/sdk/src/sl_lidar_driver.cpp:586:69:\x1b[m\x1b[K \x1b[01;35m\x1b[Kwarning: \x1b[m\x1b[Kunused parameter \xe2\x80\x98\x1b[01m\x1b[Koptions\x1b[m\x1b[K\xe2\x80\x99 [\x1b[01;35m\x1b[K\x1b]8;;https://gcc.gnu.org/onlinedocs/gcc/Warning-Options.html#index-Wunused-parameter\x07-Wunused-parameter\x1b]8;;\x07\x1b[m\x1b[K]\n'}
[5.467186] (sllidar_ros2) StderrLine: {'line': b'  586 |         sl_result startScan(bool force, bool useTypicalScan, \x1b[01;35m\x1b[Ksl_u32 options = 0\x1b[m\x1b[K, LidarScanMode* outUsedScanMode = nullptr)\n'}
[5.467219] (sllidar_ros2) StderrLine: {'line': b'      |                                                              \x1b[01;35m\x1b[K~~~~~~~^~~~~~~~~~~\x1b[m\x1b[K\n'}
[5.468097] (sllidar_ros2) StderrLine: {'line': b'\x1b[01m\x1b[K/home/glance/ros2_ws/src/sllidar_ros2/sdk/src/sl_lidar_driver.cpp:\x1b[m\x1b[K In member function \xe2\x80\x98\x1b[01m\x1b[Kvirtual sl_result sl::SlamtecLidarDriver::stop(sl_u32)\x1b[m\x1b[K\xe2\x80\x99:\n'}
[5.468219] (sllidar_ros2) StderrLine: {'line': b'\x1b[01m\x1b[K/home/glance/ros2_ws/src/sllidar_ros2/sdk/src/sl_lidar_driver.cpp:763:31:\x1b[m\x1b[K \x1b[01;35m\x1b[Kwarning: \x1b[m\x1b[Kunused parameter \xe2\x80\x98\x1b[01m\x1b[Ktimeout\x1b[m\x1b[K\xe2\x80\x99 [\x1b[01;35m\x1b[K\x1b]8;;https://gcc.gnu.org/onlinedocs/gcc/Warning-Options.html#index-Wunused-parameter\x07-Wunused-parameter\x1b]8;;\x07\x1b[m\x1b[K]\n'}
[5.468253] (sllidar_ros2) StderrLine: {'line': b'  763 |         sl_result stop(\x1b[01;35m\x1b[Ksl_u32 timeout = DEFAULT_TIMEOUT\x1b[m\x1b[K)\n'}
[5.468278] (sllidar_ros2) StderrLine: {'line': b'      |                        \x1b[01;35m\x1b[K~~~~~~~^~~~~~~~~~~~~~~~~~~~~~~~~\x1b[m\x1b[K\n'}
[5.469411] (sllidar_ros2) StderrLine: {'line': b'\x1b[01m\x1b[K/home/glance/ros2_ws/src/sllidar_ros2/sdk/src/sl_lidar_driver.cpp:\x1b[m\x1b[K In member function \xe2\x80\x98\x1b[01m\x1b[Kvirtual sl_result sl::SlamtecLidarDriver::getFrequency(const sl::LidarScanMode&, const sl_lidar_response_measurement_node_hq_t*, size_t, float&)\x1b[m\x1b[K\xe2\x80\x99:\n'}
[5.469512] (sllidar_ros2) StderrLine: {'line': b'\x1b[01m\x1b[K/home/glance/ros2_ws/src/sllidar_ros2/sdk/src/sl_lidar_driver.cpp:880:110:\x1b[m\x1b[K \x1b[01;35m\x1b[Kwarning: \x1b[m\x1b[Kunused parameter \xe2\x80\x98\x1b[01m\x1b[Knodes\x1b[m\x1b[K\xe2\x80\x99 [\x1b[01;35m\x1b[K\x1b]8;;https://gcc.gnu.org/onlinedocs/gcc/Warning-Options.html#index-Wunused-parameter\x07-Wunused-parameter\x1b]8;;\x07\x1b[m\x1b[K]\n'}
[5.469559] (sllidar_ros2) StderrLine: {'line': b'  880 |         sl_result getFrequency(const LidarScanMode& scanMode, \x1b[01;35m\x1b[Kconst sl_lidar_response_measurement_node_hq_t* nodes\x1b[m\x1b[K, size_t count, float& frequency)\n'}
[5.469593] (sllidar_ros2) StderrLine: {'line': b'      |                                                               \x1b[01;35m\x1b[K~~~~~~~~~~~~~~~~~~~~~~~~~~~~~~~~~~~~~~~~~~~~~~~^~~~~\x1b[m\x1b[K\n'}
[5.470940] (sllidar_ros2) StderrLine: {'line': b'\x1b[01m\x1b[K/home/glance/ros2_ws/src/sllidar_ros2/sdk/src/sl_lidar_driver.cpp:\x1b[m\x1b[K In member function \xe2\x80\x98\x1b[01m\x1b[Kvirtual sl_result sl::SlamtecLidarDriver::getMotorInfo(sl::LidarMotorInfo&, sl_u32)\x1b[m\x1b[K\xe2\x80\x99:\n'}
[5.471018] (sllidar_ros2) StderrLine: {'line': b'\x1b[01m\x1b[K/home/glance/ros2_ws/src/sllidar_ros2/sdk/src/sl_lidar_driver.cpp:1023:66:\x1b[m\x1b[K \x1b[01;35m\x1b[Kwarning: \x1b[m\x1b[Kunused parameter \xe2\x80\x98\x1b[01m\x1b[KtimeoutInMs\x1b[m\x1b[K\xe2\x80\x99 [\x1b[01;35m\x1b[K\x1b]8;;https://gcc.gnu.org/onlinedocs/gcc/Warning-Options.html#index-Wunused-parameter\x07-Wunused-parameter\x1b]8;;\x07\x1b[m\x1b[K]\n'}
[5.471061] (sllidar_ros2) StderrLine: {'line': b' 1023 |         sl_result getMotorInfo(LidarMotorInfo &motorInfo, \x1b[01;35m\x1b[Ksl_u32 timeoutInMs\x1b[m\x1b[K)\n'}
[5.471084] (sllidar_ros2) StderrLine: {'line': b'      |                                                           \x1b[01;35m\x1b[K~~~~~~~^~~~~~~~~~~\x1b[m\x1b[K\n'}
[5.471753] (sllidar_ros2) StderrLine: {'line': b'\x1b[01m\x1b[K/home/glance/ros2_ws/src/sllidar_ros2/sdk/src/sl_lidar_driver.cpp:\x1b[m\x1b[K In member function \xe2\x80\x98\x1b[01m\x1b[Ku_result sl::SlamtecLidarDriver::getScanModeCount(sl_u16&, sl_u32)\x1b[m\x1b[K\xe2\x80\x99:\n'}
[5.471833] (sllidar_ros2) StderrLine: {'line': b'\x1b[01m\x1b[K/home/glance/ros2_ws/src/sllidar_ros2/sdk/src/sl_lidar_driver.cpp:1199:61:\x1b[m\x1b[K \x1b[01;35m\x1b[Kwarning: \x1b[m\x1b[Kunused parameter \xe2\x80\x98\x1b[01m\x1b[KtimeoutInMs\x1b[m\x1b[K\xe2\x80\x99 [\x1b[01;35m\x1b[K\x1b]8;;https://gcc.gnu.org/onlinedocs/gcc/Warning-Options.html#index-Wunused-parameter\x07-Wunused-parameter\x1b]8;;\x07\x1b[m\x1b[K]\n'}
[5.471869] (sllidar_ros2) StderrLine: {'line': b' 1199 |         u_result getScanModeCount(sl_u16& modeCount, \x1b[01;35m\x1b[Ksl_u32 timeoutInMs = DEFAULT_TIMEOUT\x1b[m\x1b[K)\n'}
[5.471895] (sllidar_ros2) StderrLine: {'line': b'      |                                                      \x1b[01;35m\x1b[K~~~~~~~^~~~~~~~~~~~~~~~~~~~~~~~~~~~~\x1b[m\x1b[K\n'}
[5.495195] (sllidar_ros2) StderrLine: {'line': b'/home/glance/ros2_ws/src/sllidar_ros2/sdk/src/sl_lidar_driver.cpp: In instantiation of \xe2\x80\x98\x1b[01m\x1b[Kvoid sl::RawSampleNodeHolder<T>::pushNode(_u64, const T*) [with T = sl_lidar_response_measurement_node_hq_t; _u64 = long unsigned int]\x1b[m\x1b[K\xe2\x80\x99:\n'}
[5.495351] (sllidar_ros2) StderrLine: {'line': b'\x1b[01m\x1b[K/home/glance/ros2_ws/src/sllidar_ros2/sdk/src/sl_lidar_driver.cpp:1648:42:\x1b[m\x1b[K   required from here\n'}
[5.495389] (sllidar_ros2) StderrLine: {'line': b'\x1b[01m\x1b[K/home/glance/ros2_ws/src/sllidar_ros2/sdk/src/sl_lidar_driver.cpp:202:28:\x1b[m\x1b[K \x1b[01;35m\x1b[Kwarning: \x1b[m\x1b[Kunused parameter \xe2\x80\x98\x1b[01m\x1b[Ktimestamp_uS\x1b[m\x1b[K\xe2\x80\x99 [\x1b[01;35m\x1b[K\x1b]8;;https://gcc.gnu.org/onlinedocs/gcc/Warning-Options.html#index-Wunused-parameter\x07-Wunused-parameter\x1b]8;;\x07\x1b[m\x1b[K]\n'}
[5.495424] (sllidar_ros2) StderrLine: {'line': b'  202 |         void pushNode(\x1b[01;35m\x1b[K_u64 timestamp_uS\x1b[m\x1b[K, const T* node)\n'}
[5.495452] (sllidar_ros2) StderrLine: {'line': b'      |                       \x1b[01;35m\x1b[K~~~~~^~~~~~~~~~~~\x1b[m\x1b[K\n'}
[5.517492] (-) TimerEvent: {}
[5.561504] (sllidar_ros2) StderrLine: {'line': b'\x1b[01m\x1b[K/home/glance/ros2_ws/src/sllidar_ros2/sdk/src/sl_lidar_driver.cpp:\x1b[m\x1b[K At global scope:\n'}
[5.561664] (sllidar_ros2) StderrLine: {'line': b'\x1b[01m\x1b[K/home/glance/ros2_ws/src/sllidar_ros2/sdk/src/sl_lidar_driver.cpp:83:17:\x1b[m\x1b[K \x1b[01;35m\x1b[Kwarning: \x1b[m\x1b[K\xe2\x80\x98\x1b[01m\x1b[Kvoid sl::convert(const sl_lidar_response_measurement_node_hq_t&, sl_lidar_response_measurement_node_t&)\x1b[m\x1b[K\xe2\x80\x99 defined but not used [\x1b[01;35m\x1b[K\x1b]8;;https://gcc.gnu.org/onlinedocs/gcc/Warning-Options.html#index-Wunused-function\x07-Wunused-function\x1b]8;;\x07\x1b[m\x1b[K]\n'}
[5.561710] (sllidar_ros2) StderrLine: {'line': b'   83 |     static void \x1b[01;35m\x1b[Kconvert\x1b[m\x1b[K(const sl_lidar_response_measurement_node_hq_t& from, sl_lidar_response_measurement_node_t& to)\n'}
[5.561741] (sllidar_ros2) StderrLine: {'line': b'      |                 \x1b[01;35m\x1b[K^~~~~~~\x1b[m\x1b[K\n'}
[5.561767] (sllidar_ros2) StderrLine: {'line': b'\x1b[01m\x1b[K/home/glance/ros2_ws/src/sllidar_ros2/sdk/src/sl_lidar_driver.cpp:75:17:\x1b[m\x1b[K \x1b[01;35m\x1b[Kwarning: \x1b[m\x1b[K\xe2\x80\x98\x1b[01m\x1b[Kvoid sl::convert(const sl_lidar_response_measurement_node_t&, sl_lidar_response_measurement_node_hq_t&)\x1b[m\x1b[K\xe2\x80\x99 defined but not used [\x1b[01;35m\x1b[K\x1b]8;;https://gcc.gnu.org/onlinedocs/gcc/Warning-Options.html#index-Wunused-function\x07-Wunused-function\x1b]8;;\x07\x1b[m\x1b[K]\n'}
[5.561798] (sllidar_ros2) StderrLine: {'line': b'   75 |     static void \x1b[01;35m\x1b[Kconvert\x1b[m\x1b[K(const sl_lidar_response_measurement_node_t& from, sl_lidar_response_measurement_node_hq_t& to)\n'}
[5.561830] (sllidar_ros2) StderrLine: {'line': b'      |                 \x1b[01;35m\x1b[K^~~~~~~\x1b[m\x1b[K\n'}
[5.561859] (sllidar_ros2) StderrLine: {'line': b'\x1b[01m\x1b[K/home/glance/ros2_ws/src/sllidar_ros2/sdk/src/sl_lidar_driver.cpp:70:17:\x1b[m\x1b[K \x1b[01;35m\x1b[Kwarning: \x1b[m\x1b[K\xe2\x80\x98\x1b[01m\x1b[Kvoid sl::printDeprecationWarn(const char*, const char*)\x1b[m\x1b[K\xe2\x80\x99 defined but not used [\x1b[01;35m\x1b[K\x1b]8;;https://gcc.gnu.org/onlinedocs/gcc/Warning-Options.html#index-Wunused-function\x07-Wunused-function\x1b]8;;\x07\x1b[m\x1b[K]\n'}
[5.561889] (sllidar_ros2) StderrLine: {'line': b'   70 |     static void \x1b[01;35m\x1b[KprintDeprecationWarn\x1b[m\x1b[K(const char* fn, const char* replacement)\n'}
[5.561919] (sllidar_ros2) StderrLine: {'line': b'      |                 \x1b[01;35m\x1b[K^~~~~~~~~~~~~~~~~~~~\x1b[m\x1b[K\n'}
[5.617646] (-) TimerEvent: {}
[5.717987] (-) TimerEvent: {}
[5.818329] (-) TimerEvent: {}
[5.918694] (-) TimerEvent: {}
[6.019102] (-) TimerEvent: {}
[6.119543] (-) TimerEvent: {}
[6.220023] (-) TimerEvent: {}
[6.320443] (-) TimerEvent: {}
[6.420803] (-) TimerEvent: {}
[6.521201] (-) TimerEvent: {}
[6.621573] (-) TimerEvent: {}
[6.642336] (sllidar_ros2) StderrLine: {'line': b'In file included from \x1b[01m\x1b[K/home/glance/ros2_ws/src/sllidar_ros2/./sdk/include/sl_lidar_cmd.h:41\x1b[m\x1b[K,\n'}
[6.642529] (sllidar_ros2) StderrLine: {'line': b'                 from \x1b[01m\x1b[K/home/glance/ros2_ws/src/sllidar_ros2/./sdk/include/sl_lidar_driver.h:54\x1b[m\x1b[K,\n'}
[6.642593] (sllidar_ros2) StderrLine: {'line': b'                 from \x1b[01m\x1b[K/home/glance/ros2_ws/src/sllidar_ros2/./sdk/include/sl_lidar.h:36\x1b[m\x1b[K,\n'}
[6.642630] (sllidar_ros2) StderrLine: {'line': b'                 from \x1b[01m\x1b[K/home/glance/ros2_ws/src/sllidar_ros2/src/sllidar_node.cpp:38\x1b[m\x1b[K:\n'}
[6.642785] (sllidar_ros2) StderrLine: {'line': b'\x1b[01m\x1b[K/home/glance/ros2_ws/src/sllidar_ros2/./sdk/include/sl_lidar_protocol.h:66:16:\x1b[m\x1b[K \x1b[01;35m\x1b[Kwarning: \x1b[m\x1b[KISO C++ forbids zero-size array \xe2\x80\x98\x1b[01m\x1b[Kdata\x1b[m\x1b[K\xe2\x80\x99 [\x1b[01;35m\x1b[K\x1b]8;;https://gcc.gnu.org/onlinedocs/gcc/Warning-Options.html#index-Wpedantic\x07-Wpedantic\x1b]8;;\x07\x1b[m\x1b[K]\n'}
[6.642834] (sllidar_ros2) StderrLine: {'line': b'   66 |     sl_u8 data[\x1b[01;35m\x1b[K0\x1b[m\x1b[K];\n'}
[6.642862] (sllidar_ros2) StderrLine: {'line': b'      |                \x1b[01;35m\x1b[K^\x1b[m\x1b[K\n'}
[6.642909] (sllidar_ros2) StderrLine: {'line': b'In file included from \x1b[01m\x1b[K/home/glance/ros2_ws/src/sllidar_ros2/./sdk/include/sl_lidar_driver.h:54\x1b[m\x1b[K,\n'}
[6.642934] (sllidar_ros2) StderrLine: {'line': b'                 from \x1b[01m\x1b[K/home/glance/ros2_ws/src/sllidar_ros2/./sdk/include/sl_lidar.h:36\x1b[m\x1b[K,\n'}
[6.642955] (sllidar_ros2) StderrLine: {'line': b'                 from \x1b[01m\x1b[K/home/glance/ros2_ws/src/sllidar_ros2/src/sllidar_node.cpp:38\x1b[m\x1b[K:\n'}
[6.642976] (sllidar_ros2) StderrLine: {'line': b'\x1b[01m\x1b[K/home/glance/ros2_ws/src/sllidar_ros2/./sdk/include/sl_lidar_cmd.h:324:20:\x1b[m\x1b[K \x1b[01;35m\x1b[Kwarning: \x1b[m\x1b[KISO C++ forbids zero-size array \xe2\x80\x98\x1b[01m\x1b[Kpayload\x1b[m\x1b[K\xe2\x80\x99 [\x1b[01;35m\x1b[K\x1b]8;;https://gcc.gnu.org/onlinedocs/gcc/Warning-Options.html#index-Wpedantic\x07-Wpedantic\x1b]8;;\x07\x1b[m\x1b[K]\n'}
[6.642999] (sllidar_ros2) StderrLine: {'line': b'  324 |     sl_u8  payload[\x1b[01;35m\x1b[K0\x1b[m\x1b[K];\n'}
[6.643019] (sllidar_ros2) StderrLine: {'line': b'      |                    \x1b[01;35m\x1b[K^\x1b[m\x1b[K\n'}
[6.721729] (-) TimerEvent: {}
[6.822102] (-) TimerEvent: {}
[6.922499] (-) TimerEvent: {}
[7.022840] (-) TimerEvent: {}
[7.123231] (-) TimerEvent: {}
[7.223574] (-) TimerEvent: {}
[7.323929] (-) TimerEvent: {}
[7.424291] (-) TimerEvent: {}
[7.524668] (-) TimerEvent: {}
[7.624985] (-) TimerEvent: {}
[7.725330] (-) TimerEvent: {}
[7.825703] (-) TimerEvent: {}
[7.926130] (-) TimerEvent: {}
[8.026465] (-) TimerEvent: {}
[8.126774] (-) TimerEvent: {}
[8.227153] (-) TimerEvent: {}
[8.265043] (sllidar_ros2) StdoutLine: {'line': b'[ 95%] \x1b[32m\x1b[1mLinking CXX executable sllidar_node\x1b[0m\n'}
[8.327297] (-) TimerEvent: {}
[8.427598] (-) TimerEvent: {}
[8.492450] (sllidar_ros2) StdoutLine: {'line': b'[ 95%] Built target sllidar_node\n'}
[8.527749] (-) TimerEvent: {}
[8.628099] (-) TimerEvent: {}
[8.728470] (-) TimerEvent: {}
[8.828804] (-) TimerEvent: {}
[8.929146] (-) TimerEvent: {}
[9.029461] (-) TimerEvent: {}
[9.129889] (-) TimerEvent: {}
[9.230238] (-) TimerEvent: {}
[9.330569] (-) TimerEvent: {}
[9.430977] (-) TimerEvent: {}
[9.531356] (-) TimerEvent: {}
[9.631741] (-) TimerEvent: {}
[9.732058] (-) TimerEvent: {}
[9.832459] (-) TimerEvent: {}
[9.932784] (-) TimerEvent: {}
[9.950752] (sllidar_ros2) StdoutLine: {'line': b'[100%] \x1b[32m\x1b[1mLinking CXX executable sllidar_client\x1b[0m\n'}
[10.032934] (-) TimerEvent: {}
[10.133265] (-) TimerEvent: {}
[10.192869] (sllidar_ros2) StdoutLine: {'line': b'[100%] Built target sllidar_client\n'}
[10.198974] (sllidar_ros2) CommandEnded: {'returncode': 0}
[10.199796] (sllidar_ros2) JobProgress: {'identifier': 'sllidar_ros2', 'progress': 'install'}
[10.205209] (sllidar_ros2) Command: {'cmd': ['/usr/bin/cmake', '--install', '/home/glance/ros2_ws/build/sllidar_ros2'], 'cwd': '/home/glance/ros2_ws/build/sllidar_ros2', 'env': OrderedDict([('LESSOPEN', '| /usr/bin/lesspipe %s'), ('USER', 'glance'), ('GIT_ASKPASS', '/home/glance/.vscode-server/bin/07f806f999227108933c2e30515b26eecc1fda74/extensions/git/dist/askpass.sh'), ('SHLVL', '1'), ('LD_LIBRARY_PATH', '/opt/ros/humble/opt/rviz_ogre_vendor/lib:/opt/ros/humble/lib/x86_64-linux-gnu:/opt/ros/humble/lib'), ('HOME', '/home/glance'), ('OLDPWD', '/home/glance/ros2_ws/src/sllidar_ros2'), ('TERM_PROGRAM_VERSION', '1.140.0'), ('VSCODE_IPC_HOOK_CLI', '/run/user/1000/vscode-ipc-f8044283-767e-4c49-adf3-054e35b6c833.sock'), ('ROS_PYTHON_VERSION', '3'), ('VSCODE_GIT_ASKPASS_MAIN', '/home/glance/.vscode-server/bin/07f806f999227108933c2e30515b26eecc1fda74/extensions/git/dist/askpass-main.js'), ('VSCODE_GIT_ASKPASS_NODE', '/home/glance/.vscode-server/bin/07f806f999227108933c2e30515b26eecc1fda74/node'), ('VSCODE_PYTHON_AUTOACTIVATE_GUARD', '1'), ('DBUS_SESSION_BUS_ADDRESS', 'unix:path=/run/user/1000/bus'), ('COLORTERM', 'truecolor'), ('WSL_DISTRO_NAME', 'Ubuntu-22.04'), ('WAYLAND_DISPLAY', 'wayland-0'), ('ROS_DISTRO', 'humble'), ('LOGNAME', 'glance'), ('NAME', 'LAPTOP-DBED9HEM'), ('WSL_INTEROP', '/run/WSL/461_interop'), ('PULSE_SERVER', 'unix:/mnt/wslg/PulseServer'), ('_', '/usr/bin/colcon'), ('ROS_VERSION', '2'), ('CLAUDE_CODE_SSE_PORT', '28272'), ('TERM', 'xterm-256color'), ('ROS_LOCALHOST_ONLY', '0'), ('PATH', '/home/glance/.vscode-server/data/User/globalStorage/github.copilot-chat/debugCommand:/home/glance/.vscode-server/data/User/globalStorage/github.copilot-chat/copilotCli:/home/glance/.vscode-server/bin/07f806f999227108933c2e30515b26eecc1fda74/bin/remote-cli:/opt/ros/humble/bin:/usr/local/sbin:/usr/local/bin:/usr/sbin:/usr/bin:/sbin:/bin:/usr/games:/usr/local/games:/usr/lib/wsl/lib:/mnt/c/Program Files (x86)/NVIDIA Corporation/PhysX/Common:/mnt/c/Windows/system32:/mnt/c/Windows:/mnt/c/Windows/System32/Wbem:/mnt/c/Windows/System32/WindowsPowerShell/v1.0/:/mnt/c/Windows/System32/OpenSSH/:/mnt/c/Windows/system32:/mnt/c/Program Files/NVIDIA Corporation/NVIDIA App/NvDLISR:/mnt/c/Program Files/dotnet/:/mnt/c/Program Files/Bandizip/:/mnt/c/Program Files/Microsoft SQL Server/Client SDK/ODBC/170/Tools/Binn/:/mnt/c/Program Files (x86)/Microsoft SQL Server/150/Tools/Binn/:/mnt/c/Program Files/Microsoft SQL Server/150/Tools/Binn/:/mnt/c/Program Files/Microsoft SQL Server/150/DTS/Binn/:/mnt/c/Program Files (x86)/Windows Kits/8.1/Windows Performance Toolkit/:/mnt/d/Program Files/MATLAB/R2022b/runtime/win64:/mnt/d/Program Files/MATLAB/R2022b/bin:/mnt/d/Git/cmd:/mnt/d/w64devkit/bin:/mnt/c/Program Files/GitHub CLI/:/mnt/c/Program Files/nodejs/:/mnt/c/Users/glance/AppData/Local/Programs/Python/Python312:/mnt/c/Users/glance/AppData/Local/Programs/Python/Python312/Scripts:/mnt/c/Users/glance/AppData/Local/Programs/Python/Launcher/:/mnt/c/Users/glance/.local/bin:/mnt/c/Users/glance/AppData/Local/Microsoft/WindowsApps:/mnt/d/Microsoft VS Code/bin:/mnt/c/Users/glance/AppData/Roaming/npm:/mnt/c/Users/glance/AppData/Local/Programs/DockerDesktop/resources/bin:/mnt/c/Users/glance/AppData/Local/Programs/Antigravity IDE/bin:/snap/bin'), ('XDG_RUNTIME_DIR', '/run/user/1000'), ('DISPLAY', ':0'), ('LANG', 'C.UTF-8'), ('LS_COLORS', 'rs=0:di=01;34:ln=01;36:mh=00:pi=40;33:so=01;35:do=01;35:bd=40;33;01:cd=40;33;01:or=40;31;01:mi=00:su=37;41:sg=30;43:ca=30;41:tw=30;42:ow=34;42:st=37;44:ex=01;32:*.tar=01;31:*.tgz=01;31:*.arc=01;31:*.arj=01;31:*.taz=01;31:*.lha=01;31:*.lz4=01;31:*.lzh=01;31:*.lzma=01;31:*.tlz=01;31:*.txz=01;31:*.tzo=01;31:*.t7z=01;31:*.zip=01;31:*.z=01;31:*.dz=01;31:*.gz=01;31:*.lrz=01;31:*.lz=01;31:*.lzo=01;31:*.xz=01;31:*.zst=01;31:*.tzst=01;31:*.bz2=01;31:*.bz=01;31:*.tbz=01;31:*.tbz2=01;31:*.tz=01;31:*.deb=01;31:*.rpm=01;31:*.jar=01;31:*.war=01;31:*.ear=01;31:*.sar=01;31:*.rar=01;31:*.alz=01;31:*.ace=01;31:*.zoo=01;31:*.cpio=01;31:*.7z=01;31:*.rz=01;31:*.cab=01;31:*.wim=01;31:*.swm=01;31:*.dwm=01;31:*.esd=01;31:*.jpg=01;35:*.jpeg=01;35:*.mjpg=01;35:*.mjpeg=01;35:*.gif=01;35:*.bmp=01;35:*.pbm=01;35:*.pgm=01;35:*.ppm=01;35:*.tga=01;35:*.xbm=01;35:*.xpm=01;35:*.tif=01;35:*.tiff=01;35:*.png=01;35:*.svg=01;35:*.svgz=01;35:*.mng=01;35:*.pcx=01;35:*.mov=01;35:*.mpg=01;35:*.mpeg=01;35:*.m2v=01;35:*.mkv=01;35:*.webm=01;35:*.webp=01;35:*.ogm=01;35:*.mp4=01;35:*.m4v=01;35:*.mp4v=01;35:*.vob=01;35:*.qt=01;35:*.nuv=01;35:*.wmv=01;35:*.asf=01;35:*.rm=01;35:*.rmvb=01;35:*.flc=01;35:*.avi=01;35:*.fli=01;35:*.flv=01;35:*.gl=01;35:*.dl=01;35:*.xcf=01;35:*.xwd=01;35:*.yuv=01;35:*.cgm=01;35:*.emf=01;35:*.ogv=01;35:*.ogx=01;35:*.aac=00;36:*.au=00;36:*.flac=00;36:*.m4a=00;36:*.mid=00;36:*.midi=00;36:*.mka=00;36:*.mp3=00;36:*.mpc=00;36:*.ogg=00;36:*.ra=00;36:*.wav=00;36:*.oga=00;36:*.opus=00;36:*.spx=00;36:*.xspf=00;36:'), ('VSCODE_GIT_IPC_HANDLE', '/run/user/1000/vscode-git-5cd6a46eea.sock'), ('TERM_PROGRAM', 'vscode'), ('AMENT_PREFIX_PATH', '/opt/ros/humble'), ('SHELL', '/bin/bash'), ('LESSCLOSE', '/usr/bin/lesspipe %s %s'), ('VSCODE_GIT_ASKPASS_EXTRA_ARGS', ''), ('PWD', '/home/glance/ros2_ws/build/sllidar_ros2'), ('COPILOT_DEBUG_NONCE', '24c56f5384243b67a53f1fc10e04bab8'), ('XDG_DATA_DIRS', '/usr/local/share:/usr/share:/var/lib/snapd/desktop'), ('PYTHONPATH', '/opt/ros/humble/lib/python3.10/site-packages:/opt/ros/humble/local/lib/python3.10/dist-packages'), ('COLCON', '1'), ('WSL2_GUI_APPS_ENABLED', '1'), ('HOSTTYPE', 'x86_64'), ('WSLENV', 'VSCODE_WSL_EXT_LOCATION/up'), ('CMAKE_PREFIX_PATH', '/opt/ros/humble')]), 'shell': False}
[10.208683] (sllidar_ros2) StdoutLine: {'line': b'-- Install configuration: ""\n'}
[10.208808] (sllidar_ros2) StdoutLine: {'line': b'-- Installing: /home/glance/ros2_ws/install/sllidar_ros2/share/sllidar_ros2/launch\n'}
[10.209205] (sllidar_ros2) StdoutLine: {'line': b'-- Installing: /home/glance/ros2_ws/install/sllidar_ros2/share/sllidar_ros2/launch/view_sllidar_a3_launch.py\n'}
[10.209314] (sllidar_ros2) StdoutLine: {'line': b'-- Installing: /home/glance/ros2_ws/install/sllidar_ros2/share/sllidar_ros2/launch/sllidar_s2e_launch.py\n'}
[10.209381] (sllidar_ros2) StdoutLine: {'line': b'-- Installing: /home/glance/ros2_ws/install/sllidar_ros2/share/sllidar_ros2/launch/sllidar_s1_launch.py\n'}
[10.209516] (sllidar_ros2) StdoutLine: {'line': b'-- Installing: /home/glance/ros2_ws/install/sllidar_ros2/share/sllidar_ros2/launch/view_sllidar_s2_launch.py\n'}
[10.209559] (sllidar_ros2) StdoutLine: {'line': b'-- Installing: /home/glance/ros2_ws/install/sllidar_ros2/share/sllidar_ros2/launch/sllidar_a2m8_launch.py\n'}
[10.209644] (sllidar_ros2) StdoutLine: {'line': b'-- Installing: /home/glance/ros2_ws/install/sllidar_ros2/share/sllidar_ros2/launch/view_sllidar_a2m12_launch.py\n'}
[10.209696] (sllidar_ros2) StdoutLine: {'line': b'-- Installing: /home/glance/ros2_ws/install/sllidar_ros2/share/sllidar_ros2/launch/sllidar_s1_tcp_launch.py\n'}
[10.209787] (sllidar_ros2) StdoutLine: {'line': b'-- Installing: /home/glance/ros2_ws/install/sllidar_ros2/share/sllidar_ros2/launch/sllidar_a2m7_launch.py\n'}
[10.209831] (sllidar_ros2) StdoutLine: {'line': b'-- Installing: /home/glance/ros2_ws/install/sllidar_ros2/share/sllidar_ros2/launch/view_sllidar_a2m7_launch.py\n'}
[10.209861] (sllidar_ros2) StdoutLine: {'line': b'-- Installing: /home/glance/ros2_ws/install/sllidar_ros2/share/sllidar_ros2/launch/sllidar_s3_launch.py\n'}
[10.209888] (sllidar_ros2) StdoutLine: {'line': b'-- Installing: /home/glance/ros2_ws/install/sllidar_ros2/share/sllidar_ros2/launch/view_sllidar_s2e_launch.py\n'}
[10.209982] (sllidar_ros2) StdoutLine: {'line': b'-- Installing: /home/glance/ros2_ws/install/sllidar_ros2/share/sllidar_ros2/launch/view_sllidar_s1_tcp_launch.py\n'}
[10.210028] (sllidar_ros2) StdoutLine: {'line': b'-- Installing: /home/glance/ros2_ws/install/sllidar_ros2/share/sllidar_ros2/launch/view_sllidar_a2m8_launch.py\n'}
[10.210104] (sllidar_ros2) StdoutLine: {'line': b'-- Installing: /home/glance/ros2_ws/install/sllidar_ros2/share/sllidar_ros2/launch/view_sllidar_s1_launch.py\n'}
[10.210132] (sllidar_ros2) StdoutLine: {'line': b'-- Installing: /home/glance/ros2_ws/install/sllidar_ros2/share/sllidar_ros2/launch/sllidar_a3_launch.py\n'}
[10.210191] (sllidar_ros2) StdoutLine: {'line': b'-- Installing: /home/glance/ros2_ws/install/sllidar_ros2/share/sllidar_ros2/launch/view_sllidar_s3_launch.py\n'}
[10.210254] (sllidar_ros2) StdoutLine: {'line': b'-- Installing: /home/glance/ros2_ws/install/sllidar_ros2/share/sllidar_ros2/launch/sllidar_t1_launch.py\n'}
[10.210320] (sllidar_ros2) StdoutLine: {'line': b'-- Installing: /home/glance/ros2_ws/install/sllidar_ros2/share/sllidar_ros2/launch/view_sllidar_c1_launch.py\n'}
[10.210387] (sllidar_ros2) StdoutLine: {'line': b'-- Installing: /home/glance/ros2_ws/install/sllidar_ros2/share/sllidar_ros2/launch/sllidar_c1_launch.py\n'}
[10.210458] (sllidar_ros2) StdoutLine: {'line': b'-- Installing: /home/glance/ros2_ws/install/sllidar_ros2/share/sllidar_ros2/launch/sllidar_a2m12_launch .py\n'}
[10.210487] (sllidar_ros2) StdoutLine: {'line': b'-- Installing: /home/glance/ros2_ws/install/sllidar_ros2/share/sllidar_ros2/launch/sllidar_s2_launch.py\n'}
[10.210512] (sllidar_ros2) StdoutLine: {'line': b'-- Installing: /home/glance/ros2_ws/install/sllidar_ros2/share/sllidar_ros2/launch/view_sllidar_a1_launch.py\n'}
[10.210536] (sllidar_ros2) StdoutLine: {'line': b'-- Installing: /home/glance/ros2_ws/install/sllidar_ros2/share/sllidar_ros2/launch/sllidar_a1_launch.py\n'}
[10.210557] (sllidar_ros2) StdoutLine: {'line': b'-- Installing: /home/glance/ros2_ws/install/sllidar_ros2/share/sllidar_ros2/launch/view_sllidar_t1_launch.py\n'}
[10.210579] (sllidar_ros2) StdoutLine: {'line': b'-- Installing: /home/glance/ros2_ws/install/sllidar_ros2/share/sllidar_ros2/rviz\n'}
[10.210600] (sllidar_ros2) StdoutLine: {'line': b'-- Installing: /home/glance/ros2_ws/install/sllidar_ros2/share/sllidar_ros2/rviz/sllidar_ros2.rviz\n'}
[10.210709] (sllidar_ros2) StdoutLine: {'line': b'-- Installing: /home/glance/ros2_ws/install/sllidar_ros2/lib/sllidar_ros2/sllidar_node\n'}
[10.211611] (sllidar_ros2) StdoutLine: {'line': b'-- Set runtime path of "/home/glance/ros2_ws/install/sllidar_ros2/lib/sllidar_ros2/sllidar_node" to ""\n'}
[10.211675] (sllidar_ros2) StdoutLine: {'line': b'-- Installing: /home/glance/ros2_ws/install/sllidar_ros2/lib/sllidar_ros2/sllidar_client\n'}
[10.213625] (sllidar_ros2) StdoutLine: {'line': b'-- Set runtime path of "/home/glance/ros2_ws/install/sllidar_ros2/lib/sllidar_ros2/sllidar_client" to ""\n'}
[10.213880] (sllidar_ros2) StdoutLine: {'line': b'-- Installing: /home/glance/ros2_ws/install/sllidar_ros2/share/ament_index/resource_index/package_run_dependencies/sllidar_ros2\n'}
[10.213998] (sllidar_ros2) StdoutLine: {'line': b'-- Installing: /home/glance/ros2_ws/install/sllidar_ros2/share/ament_index/resource_index/parent_prefix_path/sllidar_ros2\n'}
[10.214112] (sllidar_ros2) StdoutLine: {'line': b'-- Installing: /home/glance/ros2_ws/install/sllidar_ros2/share/sllidar_ros2/environment/ament_prefix_path.sh\n'}
[10.214194] (sllidar_ros2) StdoutLine: {'line': b'-- Installing: /home/glance/ros2_ws/install/sllidar_ros2/share/sllidar_ros2/environment/ament_prefix_path.dsv\n'}
[10.214274] (sllidar_ros2) StdoutLine: {'line': b'-- Installing: /home/glance/ros2_ws/install/sllidar_ros2/share/sllidar_ros2/environment/path.sh\n'}
[10.214351] (sllidar_ros2) StdoutLine: {'line': b'-- Installing: /home/glance/ros2_ws/install/sllidar_ros2/share/sllidar_ros2/environment/path.dsv\n'}
[10.214468] (sllidar_ros2) StdoutLine: {'line': b'-- Installing: /home/glance/ros2_ws/install/sllidar_ros2/share/sllidar_ros2/local_setup.bash\n'}
[10.214530] (sllidar_ros2) StdoutLine: {'line': b'-- Installing: /home/glance/ros2_ws/install/sllidar_ros2/share/sllidar_ros2/local_setup.sh\n'}
[10.214614] (sllidar_ros2) StdoutLine: {'line': b'-- Installing: /home/glance/ros2_ws/install/sllidar_ros2/share/sllidar_ros2/local_setup.zsh\n'}
[10.214683] (sllidar_ros2) StdoutLine: {'line': b'-- Installing: /home/glance/ros2_ws/install/sllidar_ros2/share/sllidar_ros2/local_setup.dsv\n'}
[10.214721] (sllidar_ros2) StdoutLine: {'line': b'-- Installing: /home/glance/ros2_ws/install/sllidar_ros2/share/sllidar_ros2/package.dsv\n'}
[10.214797] (sllidar_ros2) StdoutLine: {'line': b'-- Installing: /home/glance/ros2_ws/install/sllidar_ros2/share/ament_index/resource_index/packages/sllidar_ros2\n'}
[10.214865] (sllidar_ros2) StdoutLine: {'line': b'-- Installing: /home/glance/ros2_ws/install/sllidar_ros2/share/sllidar_ros2/cmake/ament_cmake_export_dependencies-extras.cmake\n'}
[10.214924] (sllidar_ros2) StdoutLine: {'line': b'-- Installing: /home/glance/ros2_ws/install/sllidar_ros2/share/sllidar_ros2/cmake/ament_cmake_export_include_directories-extras.cmake\n'}
[10.214956] (sllidar_ros2) StdoutLine: {'line': b'-- Installing: /home/glance/ros2_ws/install/sllidar_ros2/share/sllidar_ros2/cmake/sllidar_ros2Config.cmake\n'}
[10.215008] (sllidar_ros2) StdoutLine: {'line': b'-- Installing: /home/glance/ros2_ws/install/sllidar_ros2/share/sllidar_ros2/cmake/sllidar_ros2Config-version.cmake\n'}
[10.215039] (sllidar_ros2) StdoutLine: {'line': b'-- Installing: /home/glance/ros2_ws/install/sllidar_ros2/share/sllidar_ros2/package.xml\n'}
[10.216193] (sllidar_ros2) CommandEnded: {'returncode': 0}
[10.230351] (sllidar_ros2) JobEnded: {'identifier': 'sllidar_ros2', 'rc': 0}
[10.231522] (-) EventReactorShutdown: {}
